symbol,timeframe,index,timestamp,direction,entry,stop,tp1,tp2,tp3,score,trend_score,impulse_score,pullback_score,compression_score,trigger_score,volume_score,rr_score,rr_to_tp1,reason,impulse_start,impulse_end,compression_start,compression_end,ict_score,divergence_score,mtf_score,coinlegs_score,coinlegs_alpha_score,coinlegs_bias,ict_details,divergence_kind,predictive_tag,mtf_details,coinlegs_details
UMAUSDT,4h,133,2024-01-23T04:00:00+00:00,long,6.745,4.792871428571429,10.649257142857142,13.577449999999999,16.505642857142856,100,20,18,11,15,15,10,4,1.9999999999999996,"long reclaim above 6.30000000; valid pullback; ICT(6): bull_fvg[129:131]=5.38900000-5.39300000;bull_ob=1.97600000-2.15500000;ote=4.51863000-4.99514000;sellside_sweep=3.93000000;ny_killzone=False; DIV(5): hidden_bullish/neutral; MTF(8): 15min:bull,1h:bull,4h:bull; COINLEGS(0): alpha=nan, bias=missing, no Coinlegs snapshot columns; COIL(0): score=missing; score=100",112,123,123,132,6,5,8,0,,missing,bull_fvg[129:131]=5.38900000-5.39300000;bull_ob=1.97600000-2.15500000;ote=4.51863000-4.99514000;sellside_sweep=3.93000000;ny_killzone=False,hidden_bullish,neutral,"15min:bull,1h:bull,4h:bull",no Coinlegs snapshot columns
STORJUSDT,4h,170,2024-01-29T08:00:00+00:00,long,0.683,0.6039314285714287,0.8411371428571428,0.9597399999999998,1.0783428571428568,100,20,18,11,9,15,10,4,2.0,"long reclaim above 0.64460000; valid pullback; ICT(6): bull_fvg[150:152]=0.56550000-0.57160000;bull_ob=0.53380000-0.54500000;ote=0.59222300-0.60349400;sellside_sweep=0.52900000;ny_killzone=False; DIV(0): none/neutral; MTF(8): 15min:bull,1h:bull,4h:bull; COINLEGS(0): alpha=nan, bias=missing, no Coinlegs snapshot columns; COIL(0): score=missing; score=100",156,166,160,169,6,0,8,0,,missing,bull_fvg[150:152]=0.56550000-0.57160000;bull_ob=0.53380000-0.54500000;ote=0.59222300-0.60349400;sellside_sweep=0.52900000;ny_killzone=False,none,neutral,"15min:bull,1h:bull,4h:bull",no Coinlegs snapshot columns
MAGICUSDT,4h,176,2024-01-30T08:00:00+00:00,long,1.2604,1.1026628571428572,1.5758742857142856,1.8124799999999999,2.049085714285714,100,20,18,11,12,15,10,4,2.0,"long reclaim above 1.17490000; valid pullback; ICT(6): bull_fvg[159:161]=1.09640000-1.11370000;bull_ob=1.01830000-1.04550000;ote=1.10177100-1.12133800;sellside_sweep=1.01210000;ny_killzone=False; DIV(0): none/neutral; MTF(8): 15min:bull,1h:bull,4h:bull; COINLEGS(0): alpha=nan, bias=missing, no Coinlegs snapshot columns; COIL(0): score=missing; score=100",160,171,166,175,6,0,8,0,,missing,bull_fvg[159:161]=1.09640000-1.11370000;bull_ob=1.01830000-1.04550000;ote=1.10177100-1.12133800;sellside_sweep=1.01210000;ny_killzone=False,none,neutral,"15min:bull,1h:bull,4h:bull",no Coinlegs snapshot columns
FLOKIUSDT,4h,364,2024-03-01T16:00:00+00:00,long,8.391e-05,5.151664285714286e-05,0.0001486967142857143,0.00019728675,0.00024587678571428575,100,20,18,11,12,15,10,4,2.0,"long reclaim above 0.00006400; valid pullback; ICT(8): bull_fvg[361:363]=0.00005558-0.00005606;bull_ob=0.00004473-0.00004974;ote=0.00004783-0.00005106;sellside_sweep=0.00004242;ny_killzone=True; DIV(0): none/neutral; MTF(8): 15min:bull,1h:bull,4h:bull; COINLEGS(0): alpha=nan, bias=missing, no Coinlegs snapshot columns; COIL(0): score=missing; score=100",346,357,354,363,8,0,8,0,,missing,bull_fvg[361:363]=0.00005558-0.00005606;bull_ob=0.00004473-0.00004974;ote=0.00004783-0.00005106;sellside_sweep=0.00004242;ny_killzone=True,none,neutral,"15min:bull,1h:bull,4h:bull",no Coinlegs snapshot columns
QNTUSDT,4h,364,2024-03-01T16:00:00+00:00,long,127.0,108.53,163.94,191.64499999999998,219.35,100,20,20,11,12,15,10,4,2.0,"long reclaim above 119.30000000; valid pullback; ICT(8): bull_fvg[361:363]=114.80000000-115.90000000;bull_ob=102.00000000-115.00000000;ote=105.10800000-107.62400000;sellside_sweep=102.00000000;ny_killzone=True; DIV(0): none/neutral; MTF(8): 15min:bull,1h:bull,4h:bull; COINLEGS(0): alpha=nan, bias=missing, no Coinlegs snapshot columns; COIL(0): score=missing; score=100",352,357,354,363,8,0,8,0,,missing,bull_fvg[361:363]=114.80000000-115.90000000;bull_ob=102.00000000-115.00000000;ote=105.10800000-107.62400000;sellside_sweep=102.00000000;ny_killzone=True,none,neutral,"15min:bull,1h:bull,4h:bull",no Coinlegs snapshot columns
YFIUSDT,4h,400,2024-03-07T16:00:00+00:00,long,10289.0,8857.285714285714,13152.428571428572,15300.000000000002,17447.57142857143,100,20,20,12,12,15,10,4,2.0,"long reclaim above 9857.00000000; valid pullback; ICT(8): bull_fvg[390:392]=9419.00000000-9469.00000000;bull_ob=9072.00000000-9519.00000000;ote=9872.49000000-10173.22000000;sellside_sweep=8078.00000000;ny_killzone=True; DIV(0): none/neutral; MTF(8): 15min:bull,1h:bull,4h:bull; COINLEGS(0): alpha=nan, bias=missing, no Coinlegs snapshot columns; COIL(0): score=missing; score=100",385,387,390,399,8,0,8,0,,missing,bull_fvg[390:392]=9419.00000000-9469.00000000;bull_ob=9072.00000000-9519.00000000;ote=9872.49000000-10173.22000000;sellside_sweep=8078.00000000;ny_killzone=True,none,neutral,"15min:bull,1h:bull,4h:bull",no Coinlegs snapshot columns
CKBUSDT,4h,405,2024-03-08T12:00:00+00:00,long,0.021589,0.018143014285714288,0.028480971428571426,0.03364995,0.03881892857142856,100,20,20,11,15,13,10,4,2.0,"long reclaim above 0.02149200; valid pullback; ICT(8): bull_fvg[390:392]=0.01899800-0.02045100;bull_ob=0.01526700-0.01630000;ote=0.01690206-0.01810668;sellside_sweep=0.01541400;ny_killzone=True; DIV(0): none/neutral; MTF(8): 15min:bull,1h:bull,4h:bull; COINLEGS(0): alpha=nan, bias=missing, no Coinlegs snapshot columns; COIL(0): score=missing; score=100",381,392,395,404,8,0,8,0,,missing,bull_fvg[390:392]=0.01899800-0.02045100;bull_ob=0.01526700-0.01630000;ote=0.01690206-0.01810668;sellside_sweep=0.01541400;ny_killzone=True,none,neutral,"15min:bull,1h:bull,4h:bull",no Coinlegs snapshot columns
JOEUSDT,4h,451,2024-03-16T04:00:00+00:00,long,0.8665,0.6861671428571428,1.2271657142857146,1.4976650000000005,1.7681642857142865,100,20,18,11,9,15,10,4,2.0,"long reclaim above 0.84010000; valid pullback; ICT(6): bull_fvg[429:431]=0.74200000-0.77050000;bull_ob=0.62170000-0.64240000;ote=0.72361200-0.76053600;sellside_sweep=0.69300000;ny_killzone=False; DIV(0): none/neutral; MTF(8): 15min:bull,1h:bull,4h:bull; COINLEGS(0): alpha=nan, bias=missing, no Coinlegs snapshot columns; COIL(0): score=missing; score=100",430,441,441,450,6,0,8,0,,missing,bull_fvg[429:431]=0.74200000-0.77050000;bull_ob=0.62170000-0.64240000;ote=0.72361200-0.76053600;sellside_sweep=0.69300000;ny_killzone=False,none,neutral,"15min:bull,1h:bull,4h:bull",no Coinlegs snapshot columns
YGGUSDT,4h,506,2024-03-25T08:00:00+00:00,long,1.1358,0.9220878571428571,1.5632242857142855,1.8837924999999998,2.2043607142857136,100,20,20,15,12,15,10,4,2.0,"long reclaim above 1.06600000; valid pullback; ICT(6): bull_fvg[503:505]=0.95360000-0.97650000;bull_ob=0.83400000-0.88250000;ote=0.89584400-0.92583200;sellside_sweep=0.79080000;ny_killzone=False; DIV(5): hidden_bullish/neutral; MTF(8): 15min:bull,1h:bull,4h:bull; COINLEGS(0): alpha=nan, bias=missing, no Coinlegs snapshot columns; COIL(0): score=missing; score=100",493,495,496,505,6,5,8,0,,missing,bull_fvg[503:505]=0.95360000-0.97650000;bull_ob=0.83400000-0.88250000;ote=0.89584400-0.92583200;sellside_sweep=0.79080000;ny_killzone=False,hidden_bullish,neutral,"15min:bull,1h:bull,4h:bull",no Coinlegs snapshot columns
AGLDUSDT,4h,523,2024-03-28T04:00:00+00:00,long,1.692,1.519692857142857,2.036614285714286,2.2950750000000006,2.553535714285715,100,20,20,11,9,15,8,4,2.0000000000000013,"long reclaim above 1.65200000; valid pullback; ICT(6): bull_fvg[520:522]=1.59700000-1.60000000;bull_ob=1.36400000-1.39600000;ote=1.46622000-1.49716000;sellside_sweep=1.40300000;ny_killzone=False; DIV(5): hidden_bullish/neutral; MTF(8): 15min:bull,1h:bull,4h:bull; COINLEGS(0): alpha=nan, bias=missing, no Coinlegs snapshot columns; COIL(0): score=missing; score=100",504,515,513,522,6,5,8,0,,missing,bull_fvg[520:522]=1.59700000-1.60000000;bull_ob=1.36400000-1.39600000;ote=1.46622000-1.49716000;sellside_sweep=1.40300000;ny_killzone=False,hidden_bullish,neutral,"15min:bull,1h:bull,4h:bull",no Coinlegs snapshot columns
SSVUSDT,4h,708,2024-04-28T00:00:00+00:00,long,52.88,42.641214285714284,73.35757142857145,88.71575000000001,104.0739285714286,100,20,20,11,12,15,10,4,2.000000000000001,"long reclaim above 50.89000000; valid pullback; ICT(6): bull_fvg[704:706]=46.10000000-47.02000000;bull_ob=43.24000000-43.95000000;ote=43.85620000-44.91360000;sellside_sweep=42.55000000;ny_killzone=False; DIV(0): none/neutral; MTF(8): 15min:bull,1h:bull,4h:bull; COINLEGS(0): alpha=nan, bias=missing, no Coinlegs snapshot columns; COIL(0): score=missing; score=100",686,693,698,707,6,0,8,0,,missing,bull_fvg[704:706]=46.10000000-47.02000000;bull_ob=43.24000000-43.95000000;ote=43.85620000-44.91360000;sellside_sweep=42.55000000;ny_killzone=False,none,neutral,"15min:bull,1h:bull,4h:bull",no Coinlegs snapshot columns
PEOPLEUSDT,4h,789,2024-05-11T12:00:00+00:00,long,0.03228,0.026524142857142857,0.043791714285714295,0.052425500000000014,0.06105928571428573,100,20,20,11,12,15,10,4,2.0,"long reclaim above 0.03100000; valid pullback; ICT(8): bull_fvg[785:787]=0.02805000-0.02940000;bull_ob=0.02455000-0.02537000;ote=0.02663030-0.02789340;sellside_sweep=0.02437000;ny_killzone=True; DIV(0): none/neutral; MTF(8): 15min:bull,1h:bull,4h:bull; COINLEGS(0): alpha=nan, bias=missing, no Coinlegs snapshot columns; COIL(0): score=missing; score=100",774,782,779,788,8,0,8,0,,missing,bull_fvg[785:787]=0.02805000-0.02940000;bull_ob=0.02455000-0.02537000;ote=0.02663030-0.02789340;sellside_sweep=0.02437000;ny_killzone=True,none,neutral,"15min:bull,1h:bull,4h:bull",no Coinlegs snapshot columns
ARUSDT,4h,795,2024-05-12T12:00:00+00:00,long,42.737,38.971314285714286,50.268371428571434,55.91690000000001,61.56542857142858,100,20,20,11,12,12,6,4,2.0,"long reclaim above 42.41100000; valid pullback; ICT(8): bull_fvg[776:778]=40.15700000-40.31700000;bull_ob=38.10600000-40.15700000;ote=39.34734000-40.56352000;sellside_sweep=37.84500000;ny_killzone=True; DIV(0): none/neutral; MTF(8): 15min:bull,1h:bull,4h:bull; COINLEGS(0): alpha=nan, bias=missing, no Coinlegs snapshot columns; COIL(0): score=missing; score=100",777,782,785,794,8,0,8,0,,missing,bull_fvg[776:778]=40.15700000-40.31700000;bull_ob=38.10600000-40.15700000;ote=39.34734000-40.56352000;sellside_sweep=37.84500000;ny_killzone=True,none,neutral,"15min:bull,1h:bull,4h:bull",no Coinlegs snapshot columns
ARUSDT,4h,823,2024-05-17T04:00:00+00:00,long,48.44,40.65428571428571,64.01142857142857,75.69,87.36857142857141,100,20,20,15,9,15,10,4,2.0,"long reclaim above 46.74000000; valid pullback; ICT(6): bull_fvg[812:814]=41.55000000-43.10300000;bull_ob=40.51300000-41.55000000;ote=41.82067000-42.87926000;sellside_sweep=37.72500000;ny_killzone=False; DIV(0): none/neutral; MTF(8): 15min:bull,1h:bull,4h:bull; COINLEGS(0): alpha=nan, bias=missing, no Coinlegs snapshot columns; COIL(0): score=missing; score=100",812,814,813,822,6,0,8,0,,missing,bull_fvg[812:814]=41.55000000-43.10300000;bull_ob=40.51300000-41.55000000;ote=41.82067000-42.87926000;sellside_sweep=37.72500000;ny_killzone=False,none,neutral,"15min:bull,1h:bull,4h:bull",no Coinlegs snapshot columns
PYRUSDT,4h,844,2024-05-20T16:00:00+00:00,long,4.961,4.453535714285715,5.975928571428572,6.737125000000001,7.498321428571429,100,20,18,11,15,15,10,4,2.0,"long reclaim above 4.77200000; valid pullback; ICT(6): bull_fvg[828:830]=4.69500000-4.70600000;bull_ob=4.17500000-4.31900000;ote=4.29260000-4.38780000;sellside_sweep=4.45300000;ny_killzone=False; DIV(0): none/neutral; MTF(8): 15min:bull,1h:bull,4h:bull; COINLEGS(0): alpha=nan, bias=missing, no Coinlegs snapshot columns; COIL(0): score=missing; score=100",819,828,834,843,6,0,8,0,,missing,bull_fvg[828:830]=4.69500000-4.70600000;bull_ob=4.17500000-4.31900000;ote=4.29260000-4.38780000;sellside_sweep=4.45300000;ny_killzone=False,none,neutral,"15min:bull,1h:bull,4h:bull",no Coinlegs snapshot columns
LDOUSDT,4h,864,2024-05-24T00:00:00+00:00,long,2.334,1.9755714285714285,3.050857142857143,3.5885000000000007,4.126142857142858,100,20,20,11,12,15,10,4,2.0,"long reclaim above 2.27900000; valid pullback; ICT(6): bull_fvg[845:847]=2.16000000-2.21300000;bull_ob=1.73400000-1.77200000;ote=2.06835000-2.14230000;sellside_sweep=1.74900000;ny_killzone=False; DIV(0): none/neutral; MTF(8): 15min:bull,1h:bull,4h:bull; COINLEGS(0): alpha=nan, bias=missing, no Coinlegs snapshot columns; COIL(0): score=missing; score=100",845,856,854,863,6,0,8,0,,missing,bull_fvg[845:847]=2.16000000-2.21300000;bull_ob=1.73400000-1.77200000;ote=2.06835000-2.14230000;sellside_sweep=1.74900000;ny_killzone=False,none,neutral,"15min:bull,1h:bull,4h:bull",no Coinlegs snapshot columns
LPTUSDT,4h,870,2024-05-25T00:00:00+00:00,long,23.512,21.176992857142857,28.18201428571429,31.684525000000004,35.18703571428572,100,20,18,11,12,13,6,4,2.0,"long reclaim above 23.41200000; valid pullback; ICT(6): bull_fvg[854:856]=23.00000000-23.81900000;bull_ob=21.19500000-22.27000000;ote=22.26725000-23.07050000;sellside_sweep=20.59000000;ny_killzone=False; DIV(5): hidden_bullish/neutral; MTF(8): 15min:bull,1h:bull,4h:bull; COINLEGS(0): alpha=nan, bias=missing, no Coinlegs snapshot columns; COIL(0): score=missing; score=100",854,863,860,869,6,5,8,0,,missing,bull_fvg[854:856]=23.00000000-23.81900000;bull_ob=21.19500000-22.27000000;ote=22.26725000-23.07050000;sellside_sweep=20.59000000;ny_killzone=False,hidden_bullish,neutral,"15min:bull,1h:bull,4h:bull",no Coinlegs snapshot columns
ZECUSDT,4h,884,2024-05-27T08:00:00+00:00,long,27.41,26.123214285714287,29.983571428571427,31.913749999999997,33.84392857142856,100,20,18,11,15,15,10,4,2.0,"long reclaim above 27.18000000; valid pullback; ICT(6): bull_fvg[862:864]=24.58000000-25.20000000;bull_ob=23.88000000-24.58000000;ote=25.78800000-26.26400000;sellside_sweep=25.20000000;ny_killzone=False; DIV(0): none/neutral; MTF(8): 15min:bull,1h:bull,4h:bull; COINLEGS(0): alpha=nan, bias=missing, no Coinlegs snapshot columns; COIL(0): score=missing; score=100",864,875,874,883,6,0,8,0,,missing,bull_fvg[862:864]=24.58000000-25.20000000;bull_ob=23.88000000-24.58000000;ote=25.78800000-26.26400000;sellside_sweep=25.20000000;ny_killzone=False,none,neutral,"15min:bull,1h:bull,4h:bull",no Coinlegs snapshot columns
BANDUSDT,4h,885,2024-05-27T12:00:00+00:00,long,1.789,1.6929214285714285,1.9811571428571428,2.1252750000000002,2.269392857142857,100,20,18,11,15,15,10,4,2.0,"long reclaim above 1.75400000; valid pullback; ICT(8): bull_fvg[869:871]=1.73600000-1.73700000;bull_ob=1.54300000-1.59000000;ote=1.57080000-1.61840000;sellside_sweep=1.57700000;ny_killzone=True; DIV(0): none/neutral; MTF(8): 15min:bull,1h:bull,4h:bull; COINLEGS(0): alpha=nan, bias=missing, no Coinlegs snapshot columns; COIL(0): score=missing; score=100",863,874,875,884,8,0,8,0,,missing,bull_fvg[869:871]=1.73600000-1.73700000;bull_ob=1.54300000-1.59000000;ote=1.57080000-1.61840000;sellside_sweep=1.57700000;ny_killzone=True,none,neutral,"15min:bull,1h:bull,4h:bull",no Coinlegs snapshot columns
AGLDUSDT,4h,914,2024-06-01T08:00:00+00:00,long,1.411,1.29975,1.6335000000000002,1.8003750000000003,1.9672500000000004,100,20,20,11,12,12,10,4,2.0,"long reclaim above 1.40700000; valid pullback; ICT(6): bull_fvg[899:901]=1.30500000-1.33600000;bull_ob=1.17800000-1.19400000;ote=1.28669000-1.31882000;sellside_sweep=1.28500000;ny_killzone=False; DIV(0): none/neutral; MTF(8): 15min:bull,1h:bull,4h:bull; COINLEGS(0): alpha=nan, bias=missing, no Coinlegs snapshot columns; COIL(0): score=missing; score=100",882,893,904,913,6,0,8,0,,missing,bull_fvg[899:901]=1.30500000-1.33600000;bull_ob=1.17800000-1.19400000;ote=1.28669000-1.31882000;sellside_sweep=1.28500000;ny_killzone=False,none,neutral,"15min:bull,1h:bull,4h:bull",no Coinlegs snapshot columns
KNCUSDT,4h,981,2024-06-12T12:00:00+00:00,long,0.8012,0.7031314285714285,0.997337142857143,1.1444400000000003,1.2915428571428575,100,20,20,11,9,12,10,4,2.0,"long reclaim above 0.79940000; valid pullback; ICT(8): bull_fvg[978:980]=0.75060000-0.76310000;bull_ob=0.62120000-0.72210000;ote=0.68789800-0.70554400;sellside_sweep=0.70630000;ny_killzone=True; DIV(0): none/neutral; MTF(8): 15min:bull,1h:bull,4h:bull; COINLEGS(0): alpha=nan, bias=missing, no Coinlegs snapshot columns; COIL(0): score=missing; score=100",955,965,971,980,8,0,8,0,,missing,bull_fvg[978:980]=0.75060000-0.76310000;bull_ob=0.62120000-0.72210000;ote=0.68789800-0.70554400;sellside_sweep=0.70630000;ny_killzone=True,none,neutral,"15min:bull,1h:bull,4h:bull",no Coinlegs snapshot columns
YFIUSDT,4h,1094,2024-07-01T08:00:00+00:00,long,6564.0,6243.185714285714,7205.628571428571,7686.85,8168.071428571428,100,20,20,11,12,13,10,4,2.0,"long reclaim above 6541.00000000; valid pullback; ICT(6): bull_fvg[1086:1088]=6403.00000000-6419.00000000;bull_ob=5733.00000000-5815.00000000;ote=6116.98000000-6242.44000000;sellside_sweep=5962.00000000;ny_killzone=False; DIV(4): regular_bullish/neutral; MTF(8): 15min:bull,1h:bull,4h:bull; COINLEGS(0): alpha=nan, bias=missing, no Coinlegs snapshot columns; COIL(0): score=missing; score=100",1074,1085,1084,1093,6,4,8,0,,missing,bull_fvg[1086:1088]=6403.00000000-6419.00000000;bull_ob=5733.00000000-5815.00000000;ote=6116.98000000-6242.44000000;sellside_sweep=5962.00000000;ny_killzone=False,regular_bullish,neutral,"15min:bull,1h:bull,4h:bull",no Coinlegs snapshot columns
ZECUSDT,4h,1165,2024-07-13T04:00:00+00:00,long,25.6,23.270785714285715,30.258428571428574,33.752250000000004,37.24607142857143,100,20,18,11,15,15,10,4,2.0,"long reclaim above 24.76000000; valid pullback; ICT(6): bull_fvg[1162:1164]=23.73000000-23.93000000;bull_ob=19.30000000-20.69000000;ote=21.22100000-21.74800000;sellside_sweep=21.28000000;ny_killzone=False; DIV(5): hidden_bullish/neutral; MTF(8): 15min:bull,1h:bull,4h:bull; COINLEGS(0): alpha=nan, bias=missing, no Coinlegs snapshot columns; COIL(0): score=missing; score=100",1141,1152,1155,1164,6,5,8,0,,missing,bull_fvg[1162:1164]=23.73000000-23.93000000;bull_ob=19.30000000-20.69000000;ote=21.22100000-21.74800000;sellside_sweep=21.28000000;ny_killzone=False,hidden_bullish,neutral,"15min:bull,1h:bull,4h:bull",no Coinlegs snapshot columns
VTHOUSDT,4h,1174,2024-07-14T16:00:00+00:00,long,0.002746,0.0024020071428571426,0.0034339857142857153,0.003949975000000001,0.004465964285714288,100,20,20,12,13,15,10,4,2.0,"long reclaim above 0.00272300; valid pullback; ICT(6): bull_fvg[1166:1168]=0.00248700-0.00252800;bull_ob=0.00242800-0.00246400;ote=0.00252234-0.00256552;sellside_sweep=0.00230200;ny_killzone=False; DIV(0): none/neutral; MTF(8): 15min:bull,1h:bull,4h:bull; COINLEGS(0): alpha=nan, bias=missing, no Coinlegs snapshot columns; COIL(0): score=missing; score=100",1167,1170,1164,1173,6,0,8,0,,missing,bull_fvg[1166:1168]=0.00248700-0.00252800;bull_ob=0.00242800-0.00246400;ote=0.00252234-0.00256552;sellside_sweep=0.00230200;ny_killzone=False,none,neutral,"15min:bull,1h:bull,4h:bull",no Coinlegs snapshot columns
OGNUSDT,4h,1260,2024-07-29T00:00:00+00:00,long,0.1126,0.09988571428571429,0.13802857142857144,0.15710000000000002,0.1761714285714286,100,20,20,11,12,15,10,4,2.0,"long reclaim above 0.10620000; valid pullback; ICT(6): bull_fvg[1246:1248]=0.09780000-0.10140000;bull_ob=0.08780000-0.09180000;ote=0.09976700-0.10192600;sellside_sweep=0.08650000;ny_killzone=False; DIV(5): hidden_bullish/neutral; MTF(8): 15min:bull,1h:bull,4h:bull; COINLEGS(0): alpha=nan, bias=missing, no Coinlegs snapshot columns; COIL(0): score=missing; score=100",1247,1253,1250,1259,6,5,8,0,,missing,bull_fvg[1246:1248]=0.09780000-0.10140000;bull_ob=0.08780000-0.09180000;ote=0.09976700-0.10192600;sellside_sweep=0.08650000;ny_killzone=False,hidden_bullish,neutral,"15min:bull,1h:bull,4h:bull",no Coinlegs snapshot columns
SUNUSDT,4h,1390,2024-08-19T16:00:00+00:00,long,0.01116,0.009989357142857142,0.013501285714285716,0.015257250000000003,0.01701321428571429,100,20,20,11,12,15,10,4,2.0,"long reclaim above 0.01069000; valid pullback; ICT(6): bull_fvg[1387:1389]=0.01016000-0.01017000;bull_ob=0.00900000-0.00920000;ote=0.00961930-0.01001540;sellside_sweep=0.00913000;ny_killzone=False; DIV(0): none/neutral; MTF(8): 15min:bull,1h:bull,4h:bull; COINLEGS(0): alpha=nan, bias=missing, no Coinlegs snapshot columns; COIL(0): score=missing; score=100",1370,1381,1380,1389,6,0,8,0,,missing,bull_fvg[1387:1389]=0.01016000-0.01017000;bull_ob=0.00900000-0.00920000;ote=0.00961930-0.01001540;sellside_sweep=0.00913000;ny_killzone=False,none,neutral,"15min:bull,1h:bull,4h:bull",no Coinlegs snapshot columns
TLMUSDT,4h,1407,2024-08-22T12:00:00+00:00,long,0.01311,0.01199942857142857,0.01717,0.018465000000000002,0.02025,100,20,20,15,15,15,10,5,3.6557756624646234,"long reclaim above 0.01297000; valid pullback; ICT(8): bull_fvg[1381:1383]=0.01016000-0.01313000;bull_ob=0.00980000-0.01026000;ote=0.01152940-0.01274320;sellside_sweep=0.01164000;ny_killzone=True; DIV(5): hidden_bullish/neutral; MTF(8): 15min:bull,1h:bull,4h:bull; COINLEGS(0): alpha=nan, bias=missing, no Coinlegs snapshot columns; COIL(0): score=missing; score=100",1382,1393,1397,1406,8,5,8,0,,missing,bull_fvg[1381:1383]=0.01016000-0.01313000;bull_ob=0.00980000-0.01026000;ote=0.01152940-0.01274320;sellside_sweep=0.01164000;ny_killzone=True,hidden_bullish,neutral,"15min:bull,1h:bull,4h:bull",no Coinlegs snapshot columns
GALAUSDT,4h,1410,2024-08-23T00:00:00+00:00,long,0.01945,0.017140714285714287,0.024068571428571422,0.027532499999999988,0.030996428571428557,100,20,18,11,12,15,10,4,2.0,"long reclaim above 0.01868000; valid pullback; ICT(6): bull_fvg[1401:1403]=0.01789000-0.01825000;bull_ob=0.01694000-0.01756000;ote=0.01757800-0.01788400;sellside_sweep=0.01677000;ny_killzone=False; DIV(0): none/neutral; MTF(8): 15min:bull,1h:bull,4h:bull; COINLEGS(0): alpha=nan, bias=missing, no Coinlegs snapshot columns; COIL(0): score=missing; score=100",1394,1405,1400,1409,6,0,8,0,,missing,bull_fvg[1401:1403]=0.01789000-0.01825000;bull_ob=0.01694000-0.01756000;ote=0.01757800-0.01788400;sellside_sweep=0.01677000;ny_killzone=False,none,neutral,"15min:bull,1h:bull,4h:bull",no Coinlegs snapshot columns
SUSHIUSDT,4h,1530,2024-09-12T00:00:00+00:00,long,0.637,0.5915642857142857,0.7278714285714287,0.7960250000000002,0.8641785714285718,100,20,18,11,12,15,8,4,2.0,"long reclaim above 0.63200000; valid pullback; ICT(6): bull_fvg[1515:1517]=0.62000000-0.62700000;bull_ob=0.55400000-0.57100000;ote=0.59987000-0.60786000;sellside_sweep=0.55200000;ny_killzone=False; DIV(0): none/neutral; MTF(8): 15min:bull,1h:bull,4h:bull; COINLEGS(0): alpha=nan, bias=missing, no Coinlegs snapshot columns; COIL(0): score=missing; score=100",1514,1525,1520,1529,6,0,8,0,,missing,bull_fvg[1515:1517]=0.62000000-0.62700000;bull_ob=0.55400000-0.57100000;ote=0.59987000-0.60786000;sellside_sweep=0.55200000;ny_killzone=False,none,neutral,"15min:bull,1h:bull,4h:bull",no Coinlegs snapshot columns
ANKRUSDT,4h,1532,2024-09-12T08:00:00+00:00,long,0.02526,0.02315257142857143,0.029474857142857146,0.032636000000000005,0.03579714285714286,100,20,20,11,12,15,10,4,2.0,"long reclaim above 0.02500000; valid pullback; ICT(6): bull_fvg[1529:1531]=0.02442000-0.02455000;bull_ob=0.02188000-0.02227000;ote=0.02343660-0.02368480;sellside_sweep=0.02253000;ny_killzone=False; DIV(0): none/neutral; MTF(8): 15min:bull,1h:bull,4h:bull; COINLEGS(0): alpha=nan, bias=missing, no Coinlegs snapshot columns; COIL(0): score=missing; score=100",1514,1522,1522,1531,6,0,8,0,,missing,bull_fvg[1529:1531]=0.02442000-0.02455000;bull_ob=0.02188000-0.02227000;ote=0.02343660-0.02368480;sellside_sweep=0.02253000;ny_killzone=False,none,neutral,"15min:bull,1h:bull,4h:bull",no Coinlegs snapshot columns
KSMUSDT,4h,1572,2024-09-19T00:00:00+00:00,long,21.03,19.480428571428572,24.12914285714286,26.453500000000005,28.777857142857147,100,20,20,12,9,15,6,4,2.0,"long reclaim above 20.80000000; valid pullback; ICT(6): bull_fvg[1560:1562]=19.71000000-19.77000000;bull_ob=19.47000000-19.61000000;ote=20.43020000-20.87560000;sellside_sweep=19.38000000;ny_killzone=False; DIV(0): none/neutral; MTF(8): 15min:bull,1h:bull,4h:bull; COINLEGS(0): alpha=nan, bias=missing, no Coinlegs snapshot columns; COIL(0): score=missing; score=100",1547,1551,1562,1571,6,0,8,0,,missing,bull_fvg[1560:1562]=19.71000000-19.77000000;bull_ob=19.47000000-19.61000000;ote=20.43020000-20.87560000;sellside_sweep=19.38000000;ny_killzone=False,none,neutral,"15min:bull,1h:bull,4h:bull",no Coinlegs snapshot columns
STORJUSDT,4h,1710,2024-10-12T00:00:00+00:00,long,0.4452,0.3981935714285714,0.5392128571428572,0.6097225,0.6802321428571427,100,20,18,11,9,15,10,4,2.0000000000000013,"long reclaim above 0.43480000; valid pullback; ICT(6): bull_fvg[1697:1699]=0.39420000-0.40710000;bull_ob=0.38570000-0.39420000;ote=0.39951400-0.40519200;sellside_sweep=0.37860000;ny_killzone=False; DIV(0): none/neutral; MTF(8): 15min:bull,1h:bull,4h:bull; COINLEGS(0): alpha=nan, bias=missing, no Coinlegs snapshot columns; COIL(0): score=missing; score=100",1698,1704,1700,1709,6,0,8,0,,missing,bull_fvg[1697:1699]=0.39420000-0.40710000;bull_ob=0.38570000-0.39420000;ote=0.39951400-0.40519200;sellside_sweep=0.37860000;ny_killzone=False,none,neutral,"15min:bull,1h:bull,4h:bull",no Coinlegs snapshot columns
AGLDUSDT,4h,1724,2024-10-14T08:00:00+00:00,long,1.043,0.9894428571428572,1.1501142857142854,1.2304499999999996,1.3107857142857138,100,20,18,11,12,12,10,4,2.0,"long reclaim above 1.03900000; valid pullback; ICT(6): bull_fvg[1708:1710]=1.01000000-1.02100000;bull_ob=0.94000000-0.97600000;ote=0.98448000-0.99944000;sellside_sweep=0.96600000;ny_killzone=False; DIV(0): none/neutral; MTF(8): 15min:bull,1h:bull,4h:bull; COINLEGS(0): alpha=nan, bias=missing, no Coinlegs snapshot columns; COIL(0): score=missing; score=100",1706,1715,1714,1723,6,0,8,0,,missing,bull_fvg[1708:1710]=1.01000000-1.02100000;bull_ob=0.94000000-0.97600000;ote=0.98448000-0.99944000;sellside_sweep=0.96600000;ny_killzone=False,none,neutral,"15min:bull,1h:bull,4h:bull",no Coinlegs snapshot columns
STORJUSDT,4h,1752,2024-10-19T00:00:00+00:00,long,0.7428,0.5488235714285714,1.1307528571428573,1.4217175000000002,1.712682142857143,100,20,20,11,12,15,10,4,2.0000000000000004,"long reclaim above 0.66660000; valid pullback; ICT(6): bull_fvg[1744:1746]=0.57850000-0.58900000;bull_ob=0.48160000-0.49670000;ote=0.52083500-0.54863000;sellside_sweep=0.53080000;ny_killzone=False; DIV(0): none/neutral; MTF(8): 15min:bull,1h:bull,4h:bull; COINLEGS(0): alpha=nan, bias=missing, no Coinlegs snapshot columns; COIL(0): score=missing; score=100",1731,1742,1742,1751,6,0,8,0,,missing,bull_fvg[1744:1746]=0.57850000-0.58900000;bull_ob=0.48160000-0.49670000;ote=0.52083500-0.54863000;sellside_sweep=0.53080000;ny_killzone=False,none,neutral,"15min:bull,1h:bull,4h:bull",no Coinlegs snapshot columns
GMXUSDT,4h,1761,2024-10-20T12:00:00+00:00,long,24.73,22.84657142857143,28.49685714285714,31.321999999999996,34.14714285714285,100,20,18,11,15,15,10,4,2.0,"long reclaim above 23.67000000; valid pullback; ICT(8): bull_fvg[1745:1747]=22.94000000-23.01000000;bull_ob=22.24000000-22.68000000;ote=22.64130000-22.90140000;sellside_sweep=22.35000000;ny_killzone=True; DIV(0): none/neutral; MTF(8): 15min:bull,1h:bull,4h:bull; COINLEGS(0): alpha=nan, bias=missing, no Coinlegs snapshot columns; COIL(0): score=missing; score=100",1727,1738,1751,1760,8,0,8,0,,missing,bull_fvg[1745:1747]=22.94000000-23.01000000;bull_ob=22.24000000-22.68000000;ote=22.64130000-22.90140000;sellside_sweep=22.35000000;ny_killzone=True,none,neutral,"15min:bull,1h:bull,4h:bull",no Coinlegs snapshot columns
DYDXUSDT,4h,1879,2024-11-09T04:00:00+00:00,long,1.1423,1.0585185714285714,1.3098628571428574,1.4355350000000004,1.5612071428571435,100,20,18,11,12,15,10,4,2.0,"long reclaim above 1.13460000; valid pullback; ICT(6): bull_fvg[1864:1866]=1.05500000-1.10300000;bull_ob=0.89810000-0.93120000;ote=1.02330900-1.05100200;sellside_sweep=0.89850000;ny_killzone=False; DIV(4): regular_bullish/neutral; MTF(8): 15min:bull,1h:bull,4h:bull; COINLEGS(0): alpha=nan, bias=missing, no Coinlegs snapshot columns; COIL(0): score=missing; score=100",1861,1871,1869,1878,6,4,8,0,,missing,bull_fvg[1864:1866]=1.05500000-1.10300000;bull_ob=0.89810000-0.93120000;ote=1.02330900-1.05100200;sellside_sweep=0.89850000;ny_killzone=False,regular_bullish,neutral,"15min:bull,1h:bull,4h:bull",no Coinlegs snapshot columns
POWRUSDT,4h,1883,2024-11-09T20:00:00+00:00,long,0.2188,0.20923571428571427,0.23792857142857143,0.252275,0.26662142857142856,100,20,20,15,15,15,6,4,2.0,"long reclaim above 0.21740000; valid pullback; ICT(8): bull_fvg[1869:1871]=0.21680000-0.21700000;bull_ob=0.20550000-0.21120000;ote=0.21117200-0.21341600;sellside_sweep=0.20040000;ny_killzone=True; DIV(0): none/neutral; MTF(8): 15min:bull,1h:bull,4h:bull; COINLEGS(0): alpha=nan, bias=missing, no Coinlegs snapshot columns; COIL(0): score=missing; score=100",1869,1871,1873,1882,8,0,8,0,,missing,bull_fvg[1869:1871]=0.21680000-0.21700000;bull_ob=0.20550000-0.21120000;ote=0.21117200-0.21341600;sellside_sweep=0.20040000;ny_killzone=True,none,neutral,"15min:bull,1h:bull,4h:bull",no Coinlegs snapshot columns
HBARUSDT,4h,1916,2024-11-15T08:00:00+00:00,long,0.07131,0.056492928571428576,0.10094414285714284,0.12316974999999998,0.14539535714285712,100,20,20,11,12,13,10,4,2.0,"long reclaim above 0.06993000; valid pullback; ICT(6): bull_fvg[1911:1913]=0.06273000-0.06290000;bull_ob=0.05341000-0.05614000;ote=0.05811110-0.06217580;sellside_sweep=0.05309000;ny_killzone=False; DIV(0): none/neutral; MTF(8): 15min:bull,1h:bull,4h:bull; COINLEGS(0): alpha=nan, bias=missing, no Coinlegs snapshot columns; COIL(0): score=missing; score=100",1900,1911,1906,1915,6,0,8,0,,missing,bull_fvg[1911:1913]=0.06273000-0.06290000;bull_ob=0.05341000-0.05614000;ote=0.05811110-0.06217580;sellside_sweep=0.05309000;ny_killzone=False,none,neutral,"15min:bull,1h:bull,4h:bull",no Coinlegs snapshot columns
FLOKIUSDT,4h,1919,2024-11-15T20:00:00+00:00,long,0.00025953,0.0002012922857142857,0.0003760054285714286,0.0004633620000000001,0.0005507185714285715,100,20,18,11,12,15,10,4,2.0,"long reclaim above 0.00024810; valid pullback; ICT(8): bull_fvg[1904:1906]=0.00020149-0.00021919;bull_ob=0.00019218-0.00021500;ote=0.00020647-0.00021570;sellside_sweep=0.00017917;ny_killzone=True; DIV(5): hidden_bullish/neutral; MTF(8): 15min:bull,1h:bull,4h:bull; COINLEGS(0): alpha=nan, bias=missing, no Coinlegs snapshot columns; COIL(0): score=missing; score=100",1905,1912,1909,1918,8,5,8,0,,missing,bull_fvg[1904:1906]=0.00020149-0.00021919;bull_ob=0.00019218-0.00021500;ote=0.00020647-0.00021570;sellside_sweep=0.00017917;ny_killzone=True,hidden_bullish,neutral,"15min:bull,1h:bull,4h:bull",no Coinlegs snapshot columns
COMPUSDT,4h,1961,2024-11-22T20:00:00+00:00,long,64.61,51.763214285714284,90.30357142857143,109.57375,128.8439285714286,100,20,20,12,9,15,10,4,2.0,"long reclaim above 55.94000000; valid pullback; ICT(8): bull_fvg[1936:1938]=55.05000000-55.21000000;bull_ob=52.06000000-54.46000000;ote=53.98210000-54.83380000;sellside_sweep=51.15000000;ny_killzone=True; DIV(0): none/neutral; MTF(8): 15min:bull,1h:bull,4h:bull; COINLEGS(0): alpha=nan, bias=missing, no Coinlegs snapshot columns; COIL(0): score=missing; score=100",1936,1938,1951,1960,8,0,8,0,,missing,bull_fvg[1936:1938]=55.05000000-55.21000000;bull_ob=52.06000000-54.46000000;ote=53.98210000-54.83380000;sellside_sweep=51.15000000;ny_killzone=True,none,neutral,"15min:bull,1h:bull,4h:bull",no Coinlegs snapshot columns
IOTXUSDT,4h,2035,2024-12-05T04:00:00+00:00,long,0.06598,0.05711692857142857,0.08370614285714285,0.09700075,0.11029535714285714,99,20,18,11,9,13,10,4,2.0,"long reclaim above 0.06537000; valid pullback; ICT(6): bull_fvg[2020:2022]=0.05688000-0.05929000;bull_ob=0.05200000-0.05565000;ote=0.05862480-0.06030440;sellside_sweep=0.05175000;ny_killzone=False; DIV(0): none/neutral; MTF(8): 15min:bull,1h:bull,4h:bull; COINLEGS(0): alpha=nan, bias=missing, no Coinlegs snapshot columns; COIL(0): score=missing; score=99",2021,2031,2025,2034,6,0,8,0,,missing,bull_fvg[2020:2022]=0.05688000-0.05929000;bull_ob=0.05200000-0.05565000;ote=0.05862480-0.06030440;sellside_sweep=0.05175000;ny_killzone=False,none,neutral,"15min:bull,1h:bull,4h:bull",no Coinlegs snapshot columns
ZRXUSDT,4h,2040,2024-12-06T00:00:00+00:00,long,0.8366,0.6126885714285714,1.2844228571428573,1.6202900000000002,1.9561571428571434,100,20,18,11,12,15,10,4,2.0,"long reclaim above 0.69810000; valid pullback; ICT(6): bull_fvg[2027:2029]=0.65790000-0.65920000;bull_ob=0.53050000-0.56480000;ote=0.60811900-0.62748200;sellside_sweep=0.56390000;ny_killzone=False; DIV(5): hidden_bullish/neutral; MTF(8): 15min:bull,1h:bull,4h:bull; COINLEGS(0): alpha=nan, bias=missing, no Coinlegs snapshot columns; COIL(0): score=missing; score=100",2023,2033,2030,2039,6,5,8,0,,missing,bull_fvg[2027:2029]=0.65790000-0.65920000;bull_ob=0.53050000-0.56480000;ote=0.60811900-0.62748200;sellside_sweep=0.56390000;ny_killzone=False,hidden_bullish,neutral,"15min:bull,1h:bull,4h:bull",no Coinlegs snapshot columns
AGLDUSDT,4h,2154,2024-12-25T00:00:00+00:00,long,2.168,1.4475642857142859,3.6088714285714287,4.689525,5.770178571428572,100,20,20,11,15,15,10,4,2.0,"long reclaim above 1.84400000; valid pullback; ICT(6): bull_fvg[2147:2149]=1.61700000-1.68900000;bull_ob=1.13900000-1.21700000;ote=1.49363000-1.64714000;sellside_sweep=1.44200000;ny_killzone=False; DIV(0): none/neutral; MTF(8): 15min:bull,1h:bull,4h:bull; COINLEGS(0): alpha=nan, bias=missing, no Coinlegs snapshot columns; COIL(0): score=missing; score=100",2130,2141,2144,2153,6,0,8,0,,missing,bull_fvg[2147:2149]=1.61700000-1.68900000;bull_ob=1.13900000-1.21700000;ote=1.49363000-1.64714000;sellside_sweep=1.44200000;ny_killzone=False,none,neutral,"15min:bull,1h:bull,4h:bull",no Coinlegs snapshot columns
FLOKIUSDT,4h,2211,2025-01-03T12:00:00+00:00,long,0.00019579,0.00017679557142857144,0.0002337788571428571,0.00026227049999999995,0.00029076214285714275,100,20,16,11,15,15,10,4,2.0,"long reclaim above 0.00018706; valid pullback; ICT(8): bull_fvg[2201:2203]=0.00018055-0.00018120;bull_ob=0.00017221-0.00017897;ote=0.00017931-0.00018095;sellside_sweep=0.00016875;ny_killzone=True; DIV(0): none/neutral; MTF(8): 15min:bull,1h:bull,4h:bull; COINLEGS(0): alpha=nan, bias=missing, no Coinlegs snapshot columns; COIL(0): score=missing; score=100",2202,2204,2201,2210,8,0,8,0,,missing,bull_fvg[2201:2203]=0.00018055-0.00018120;bull_ob=0.00017221-0.00017897;ote=0.00017931-0.00018095;sellside_sweep=0.00016875;ny_killzone=True,none,neutral,"15min:bull,1h:bull,4h:bull",no Coinlegs snapshot columns
ONTUSDT,4h,2294,2025-01-17T08:00:00+00:00,long,0.2727,0.2502085714285714,0.32,0.3514200000000001,0.38515714285714303,100,20,20,12,15,15,10,4,2.1030233739837367,"long reclaim above 0.26840000; valid pullback; ICT(6): bull_fvg[2282:2284]=0.24980000-0.25700000;bull_ob=0.23830000-0.24530000;ote=0.25545700-0.26934600;sellside_sweep=0.24090000;ny_killzone=False; DIV(0): none/neutral; MTF(8): 15min:bull,1h:bull,4h:bull; COINLEGS(0): alpha=nan, bias=missing, no Coinlegs snapshot columns; COIL(0): score=missing; score=100",2267,2269,2284,2293,6,0,8,0,,missing,bull_fvg[2282:2284]=0.24980000-0.25700000;bull_ob=0.23830000-0.24530000;ote=0.25545700-0.26934600;sellside_sweep=0.24090000;ny_killzone=False,none,neutral,"15min:bull,1h:bull,4h:bull",no Coinlegs snapshot columns
KNCUSDT,4h,2478,2025-02-17T00:00:00+00:00,long,0.4425,0.4198935714285714,0.48771285714285717,0.5216225000000001,0.5555321428571429,100,20,18,12,9,15,8,4,2.0,"long reclaim above 0.43780000; valid pullback; ICT(6): bull_fvg[2452:2454]=0.43100000-0.43650000;bull_ob=0.40300000-0.42090000;ote=0.40462200-0.41281600;sellside_sweep=0.41780000;ny_killzone=False; DIV(5): hidden_bullish/neutral; MTF(8): 15min:bull,1h:bull,4h:bull; COINLEGS(0): alpha=nan, bias=missing, no Coinlegs snapshot columns; COIL(0): score=missing; score=100",2451,2454,2468,2477,6,5,8,0,,missing,bull_fvg[2452:2454]=0.43100000-0.43650000;bull_ob=0.40300000-0.42090000;ote=0.40462200-0.41281600;sellside_sweep=0.41780000;ny_killzone=False,hidden_bullish,neutral,"15min:bull,1h:bull,4h:bull",no Coinlegs snapshot columns
LDOUSDT,4h,2480,2025-02-17T08:00:00+00:00,long,1.898,1.7557142857142858,2.1825714285714284,2.3959999999999995,2.6094285714285705,100,20,18,11,15,15,10,4,2.0000000000000018,"long reclaim above 1.87600000; valid pullback; ICT(6): bull_fvg[2462:2464]=1.84200000-1.84800000;bull_ob=1.46100000-1.60900000;ote=1.66894000-1.72232000;sellside_sweep=1.67600000;ny_killzone=False; DIV(0): none/neutral; MTF(8): 15min:bull,1h:bull,4h:bull; COINLEGS(0): alpha=nan, bias=missing, no Coinlegs snapshot columns; COIL(0): score=missing; score=100",2453,2463,2470,2479,6,0,8,0,,missing,bull_fvg[2462:2464]=1.84200000-1.84800000;bull_ob=1.46100000-1.60900000;ote=1.66894000-1.72232000;sellside_sweep=1.67600000;ny_killzone=False,none,neutral,"15min:bull,1h:bull,4h:bull",no Coinlegs snapshot columns
PROMUSDT,4h,2515,2025-02-23T04:00:00+00:00,long,6.811,5.872742857142857,8.687514285714286,10.0949,11.502285714285716,100,20,18,11,10,15,10,4,2.0,"long reclaim above 6.75100000; valid pullback; ICT(6): bull_fvg[2512:2514]=6.19300000-6.23800000;bull_ob=5.82100000-5.93400000;ote=5.80816000-5.89248000;sellside_sweep=5.70400000;ny_killzone=False; DIV(0): none/neutral; MTF(8): 15min:bull,1h:bull,4h:bull; COINLEGS(0): alpha=nan, bias=missing, no Coinlegs snapshot columns; COIL(0): score=missing; score=100",2494,2505,2505,2514,6,0,8,0,,missing,bull_fvg[2512:2514]=6.19300000-6.23800000;bull_ob=5.82100000-5.93400000;ote=5.80816000-5.89248000;sellside_sweep=5.70400000;ny_killzone=False,none,neutral,"15min:bull,1h:bull,4h:bull",no Coinlegs snapshot columns
AGLDUSDT,4h,2532,2025-02-26T00:00:00+00:00,long,1.559,1.348,1.9809999999999997,2.2974999999999994,2.613999999999999,97,20,18,11,9,13,8,4,2.0,"long reclaim above 1.54200000; valid pullback; ICT(6): bull_fvg[2509:2511]=1.39100000-1.47000000;bull_ob=1.37500000-1.49400000;ote=1.38917000-1.41926000;sellside_sweep=1.35500000;ny_killzone=False; DIV(0): none/neutral; MTF(8): 15min:bull,1h:bull,4h:bull; COINLEGS(0): alpha=nan, bias=missing, no Coinlegs snapshot columns; COIL(0): score=missing; score=97",2502,2512,2522,2531,6,0,8,0,,missing,bull_fvg[2509:2511]=1.39100000-1.47000000;bull_ob=1.37500000-1.49400000;ote=1.38917000-1.41926000;sellside_sweep=1.35500000;ny_killzone=False,none,neutral,"15min:bull,1h:bull,4h:bull",no Coinlegs snapshot columns
KAVAUSDT,4h,2640,2025-03-16T00:00:00+00:00,long,0.4915,0.45694285714285715,0.5606142857142857,0.6124499999999999,0.6642857142857141,100,20,20,11,12,15,10,4,2.0000000000000018,"long reclaim above 0.48220000; valid pullback; ICT(6): bull_fvg[2627:2629]=0.43610000-0.45680000;bull_ob=0.42310000-0.43280000;ote=0.43961900-0.44878200;sellside_sweep=0.42220000;ny_killzone=False; DIV(0): none/neutral; MTF(8): 15min:bull,1h:bull,4h:bull; COINLEGS(0): alpha=nan, bias=missing, no Coinlegs snapshot columns; COIL(0): score=missing; score=100",2628,2636,2630,2639,6,0,8,0,,missing,bull_fvg[2627:2629]=0.43610000-0.45680000;bull_ob=0.42310000-0.43280000;ote=0.43961900-0.44878200;sellside_sweep=0.42220000;ny_killzone=False,none,neutral,"15min:bull,1h:bull,4h:bull",no Coinlegs snapshot columns
CKBUSDT,4h,2681,2025-03-22T20:00:00+00:00,long,0.005461,0.004893757142857142,0.006595485714285715,0.007446350000000001,0.008297214285714286,100,20,20,12,15,15,10,4,2.0,"long reclaim above 0.00530400; valid pullback; ICT(6): bull_fvg[2676:2678]=0.00505000-0.00514400;bull_ob=0.00493400-0.00498400;ote=0.00517225-0.00536350;sellside_sweep=0.00490600;ny_killzone=False; DIV(0): none/neutral; MTF(8): 15min:bull,1h:bull,4h:bull; COINLEGS(0): alpha=nan, bias=missing, no Coinlegs snapshot columns; COIL(0): score=missing; score=100",2660,2665,2671,2680,6,0,8,0,,missing,bull_fvg[2676:2678]=0.00505000-0.00514400;bull_ob=0.00493400-0.00498400;ote=0.00517225-0.00536350;sellside_sweep=0.00490600;ny_killzone=False,none,neutral,"15min:bull,1h:bull,4h:bull",no Coinlegs snapshot columns
LDOUSDT,4h,2689,2025-03-24T04:00:00+00:00,long,1.067,1.0064785714285713,1.1880428571428572,1.278825,1.369607142857143,100,20,18,11,12,12,10,4,2.0,"long reclaim above 1.06200000; valid pullback; ICT(6): bull_fvg[2675:2677]=0.99900000-1.01600000;bull_ob=0.94500000-0.96100000;ote=0.97336000-0.99308000;sellside_sweep=0.97500000;ny_killzone=False; DIV(5): hidden_bullish/neutral; MTF(8): 15min:bull,1h:bull,4h:bull; COINLEGS(0): alpha=nan, bias=missing, no Coinlegs snapshot columns; COIL(0): score=missing; score=100",2660,2671,2679,2688,6,5,8,0,,missing,bull_fvg[2675:2677]=0.99900000-1.01600000;bull_ob=0.94500000-0.96100000;ote=0.97336000-0.99308000;sellside_sweep=0.97500000;ny_killzone=False,hidden_bullish,neutral,"15min:bull,1h:bull,4h:bull",no Coinlegs snapshot columns
STORJUSDT,4h,2706,2025-03-27T00:00:00+00:00,long,0.3143,0.3005292857142857,0.34184142857142863,0.3624975000000001,0.38315357142857154,100,20,20,11,12,13,10,4,2.0,"long reclaim above 0.31310000; valid pullback; ICT(6): bull_fvg[2688:2690]=0.29290000-0.30550000;bull_ob=0.28810000-0.29050000;ote=0.29779600-0.30248800;sellside_sweep=0.28740000;ny_killzone=False; DIV(5): hidden_bullish/neutral; MTF(8): 15min:bull,1h:bull,4h:bull; COINLEGS(0): alpha=nan, bias=missing, no Coinlegs snapshot columns; COIL(0): score=missing; score=100",2689,2699,2696,2705,6,5,8,0,,missing,bull_fvg[2688:2690]=0.29290000-0.30550000;bull_ob=0.28810000-0.29050000;ote=0.29779600-0.30248800;sellside_sweep=0.28740000;ny_killzone=False,hidden_bullish,neutral,"15min:bull,1h:bull,4h:bull",no Coinlegs snapshot columns
GMXUSDT,4h,2804,2025-04-12T08:00:00+00:00,long,14.82,13.2035,18.053,20.47775,22.902500000000003,100,20,18,12,13,15,6,4,2.0,"long reclaim above 14.63000000; valid pullback; ICT(6): bull_fvg[2787:2789]=12.91000000-13.65000000;bull_ob=11.42000000-12.79000000;ote=12.01010000-12.48780000;sellside_sweep=11.42000000;ny_killzone=False; DIV(0): none/neutral; MTF(8): 15min:bull,1h:bull,4h:bull; COINLEGS(0): alpha=nan, bias=missing, no Coinlegs snapshot columns; COIL(0): score=missing; score=100",2784,2788,2794,2803,6,0,8,0,,missing,bull_fvg[2787:2789]=12.91000000-13.65000000;bull_ob=11.42000000-12.79000000;ote=12.01010000-12.48780000;sellside_sweep=11.42000000;ny_killzone=False,none,neutral,"15min:bull,1h:bull,4h:bull",no Coinlegs snapshot columns
ZILUSDT,4h,2865,2025-04-22T12:00:00+00:00,long,0.01231,0.011550214285714285,0.013829571428571429,0.01496925,0.016108928571428573,100,20,18,11,9,15,10,4,2.0,"long reclaim above 0.01214000; valid pullback; ICT(8): bull_fvg[2853:2855]=0.01157000-0.01176000;bull_ob=0.01161000-0.01176000;ote=0.01154830-0.01175740;sellside_sweep=0.01129000;ny_killzone=True; DIV(0): none/neutral; MTF(8): 15min:bull,1h:bull,4h:bull; COINLEGS(0): alpha=nan, bias=missing, no Coinlegs snapshot columns; COIL(0): score=missing; score=100",2844,2854,2855,2864,8,0,8,0,,missing,bull_fvg[2853:2855]=0.01157000-0.01176000;bull_ob=0.01161000-0.01176000;ote=0.01154830-0.01175740;sellside_sweep=0.01129000;ny_killzone=True,none,neutral,"15min:bull,1h:bull,4h:bull",no Coinlegs snapshot columns
QNTUSDT,4h,2975,2025-05-10T20:00:00+00:00,long,101.7,92.72785714285715,119.64428571428572,133.1025,146.56071428571428,100,20,18,11,12,15,10,4,2.0,"long reclaim above 98.60000000; valid pullback; ICT(6): bull_fvg[2957:2959]=90.20000000-92.20000000;bull_ob=92.20000000-93.80000000;ote=93.78100000-94.81800000;sellside_sweep=88.20000000;ny_killzone=False; DIV(0): none/neutral; MTF(8): 15min:bull,1h:bull,4h:bull; COINLEGS(0): alpha=nan, bias=missing, no Coinlegs snapshot columns; COIL(0): score=missing; score=100",2961,2971,2965,2974,6,0,8,0,,missing,bull_fvg[2957:2959]=90.20000000-92.20000000;bull_ob=92.20000000-93.80000000;ote=93.78100000-94.81800000;sellside_sweep=88.20000000;ny_killzone=False,none,neutral,"15min:bull,1h:bull,4h:bull",no Coinlegs snapshot columns
ZECUSDT,4h,2981,2025-05-11T20:00:00+00:00,long,45.23,40.397285714285715,54.89542857142856,62.14449999999998,69.3935714285714,100,20,18,11,9,15,10,4,2.0,"long reclaim above 43.88000000; valid pullback; ICT(6): bull_fvg[2969:2971]=42.18000000-42.30000000;bull_ob=37.23000000-38.04000000;ote=39.11930000-40.02540000;sellside_sweep=40.11000000;ny_killzone=False; DIV(5): hidden_bullish/neutral; MTF(8): 15min:bull,1h:bull,4h:bull; COINLEGS(0): alpha=nan, bias=missing, no Coinlegs snapshot columns; COIL(0): score=missing; score=100",2956,2967,2971,2980,6,5,8,0,,missing,bull_fvg[2969:2971]=42.18000000-42.30000000;bull_ob=37.23000000-38.04000000;ote=39.11930000-40.02540000;sellside_sweep=40.11000000;ny_killzone=False,hidden_bullish,neutral,"15min:bull,1h:bull,4h:bull",no Coinlegs snapshot columns
LQTYUSDT,4h,2991,2025-05-13T12:00:00+00:00,long,1.009,0.8790285714285715,1.2689428571428567,1.4638999999999993,1.658857142857142,100,20,18,11,9,15,10,4,2.0,"long reclaim above 0.99800000; valid pullback; ICT(8): bull_fvg[2982:2984]=0.93000000-0.93400000;bull_ob=0.83500000-0.87700000;ote=0.89925000-0.92050000;sellside_sweep=0.83300000;ny_killzone=True; DIV(0): none/neutral; MTF(8): 15min:bull,1h:bull,4h:bull; COINLEGS(0): alpha=nan, bias=missing, no Coinlegs snapshot columns; COIL(0): score=missing; score=100",2976,2987,2981,2990,8,0,8,0,,missing,bull_fvg[2982:2984]=0.93000000-0.93400000;bull_ob=0.83500000-0.87700000;ote=0.89925000-0.92050000;sellside_sweep=0.83300000;ny_killzone=True,none,neutral,"15min:bull,1h:bull,4h:bull",no Coinlegs snapshot columns
MASKUSDT,4h,3043,2025-05-22T04:00:00+00:00,long,1.848,1.64085,2.2623000000000006,2.573025000000001,2.883750000000001,100,20,20,11,15,15,10,4,2.000000000000001,"long reclaim above 1.80700000; valid pullback; ICT(6): bull_fvg[3028:3030]=1.61100000-1.68400000;bull_ob=1.47400000-1.51100000;ote=1.63398000-1.67444000;sellside_sweep=1.44700000;ny_killzone=False; DIV(0): none/neutral; MTF(8): 15min:bull,1h:bull,4h:bull; COINLEGS(0): alpha=nan, bias=missing, no Coinlegs snapshot columns; COIL(0): score=missing; score=100",3029,3038,3033,3042,6,0,8,0,,missing,bull_fvg[3028:3030]=1.61100000-1.68400000;bull_ob=1.47400000-1.51100000;ote=1.63398000-1.67444000;sellside_sweep=1.44700000;ny_killzone=False,none,neutral,"15min:bull,1h:bull,4h:bull",no Coinlegs snapshot columns
ZECUSDT,4h,3063,2025-05-25T12:00:00+00:00,long,51.5,46.262928571428574,61.97414285714285,69.82974999999999,77.68535714285713,100,20,18,11,12,15,10,4,2.0,"long reclaim above 49.99000000; valid pullback; ICT(8): bull_fvg[3057:3059]=47.94000000-48.49000000;bull_ob=40.77000000-41.43000000;ote=47.38180000-48.16040000;sellside_sweep=43.02000000;ny_killzone=True; DIV(0): none/neutral; MTF(8): 15min:bull,1h:bull,4h:bull; COINLEGS(0): alpha=nan, bias=missing, no Coinlegs snapshot columns; COIL(0): score=missing; score=100",3046,3057,3053,3062,8,0,8,0,,missing,bull_fvg[3057:3059]=47.94000000-48.49000000;bull_ob=40.77000000-41.43000000;ote=47.38180000-48.16040000;sellside_sweep=43.02000000;ny_killzone=True,none,neutral,"15min:bull,1h:bull,4h:bull",no Coinlegs snapshot columns
MASKUSDT,4h,3134,2025-06-06T08:00:00+00:00,long,3.344,2.629592857142857,4.772814285714286,5.844425000000001,6.916035714285715,100,20,20,11,15,15,10,4,2.0000000000000004,"long reclaim above 3.00100000; valid pullback; ICT(6): bull_fvg[3117:3119]=2.82300000-2.85100000;bull_ob=1.85000000-2.13600000;ote=2.34161000-2.46758000;sellside_sweep=2.54900000;ny_killzone=False; DIV(0): none/neutral; MTF(8): 15min:bull,1h:bull,4h:bull; COINLEGS(0): alpha=nan, bias=missing, no Coinlegs snapshot columns; COIL(0): score=missing; score=100",3106,3117,3124,3133,6,0,8,0,,missing,bull_fvg[3117:3119]=2.82300000-2.85100000;bull_ob=1.85000000-2.13600000;ote=2.34161000-2.46758000;sellside_sweep=2.54900000;ny_killzone=False,none,neutral,"15min:bull,1h:bull,4h:bull",no Coinlegs snapshot columns
ICXUSDT,4h,3135,2025-06-06T12:00:00+00:00,long,0.1585,0.13363285714285714,0.20823428571428573,0.24553500000000003,0.2828357142857143,100,20,18,11,12,15,10,4,2.0,"long reclaim above 0.15310000; valid pullback; ICT(8): bull_fvg[3131:3133]=0.14180000-0.14230000;bull_ob=0.12250000-0.12590000;ote=0.13386800-0.13910400;sellside_sweep=0.12740000;ny_killzone=True; DIV(5): hidden_bullish/neutral; MTF(8): 15min:bull,1h:bull,4h:bull; COINLEGS(0): alpha=nan, bias=missing, no Coinlegs snapshot columns; COIL(0): score=missing; score=100",3115,3126,3125,3134,8,5,8,0,,missing,bull_fvg[3131:3133]=0.14180000-0.14230000;bull_ob=0.12250000-0.12590000;ote=0.13386800-0.13910400;sellside_sweep=0.12740000;ny_killzone=True,hidden_bullish,neutral,"15min:bull,1h:bull,4h:bull",no Coinlegs snapshot columns
RVNUSDT,4h,3142,2025-06-07T16:00:00+00:00,long,0.01587,0.012815785714285714,0.02782,0.028657500000000002,0.032920000000000005,100,20,20,15,12,13,10,5,3.912626581538391,"long reclaim above 0.01561000; valid pullback; ICT(10): bull_fvg[3126:3128]=0.01097000-0.01598000;bull_ob=0.01077000-0.01099000;ote=0.01435050-0.01724900;sellside_sweep=0.01077000;ny_killzone=False; DIV(0): none/neutral; MTF(8): 15min:bull,1h:bull,4h:bull; COINLEGS(0): alpha=nan, bias=missing, no Coinlegs snapshot columns; COIL(0): score=missing; score=100",3127,3138,3132,3141,10,0,8,0,,missing,bull_fvg[3126:3128]=0.01097000-0.01598000;bull_ob=0.01077000-0.01099000;ote=0.01435050-0.01724900;sellside_sweep=0.01077000;ny_killzone=False,none,neutral,"15min:bull,1h:bull,4h:bull",no Coinlegs snapshot columns
GALAUSDT,4h,3295,2025-07-03T04:00:00+00:00,long,0.01511,0.0132135,0.018903000000000003,0.021747750000000003,0.024592500000000003,99,20,20,12,10,13,6,4,2.000000000000001,"long reclaim above 0.01507000; valid pullback; ICT(6): bull_fvg[3291:3293]=0.01426000-0.01470000;bull_ob=0.01383000-0.01411000;ote=0.01422830-0.01443740;sellside_sweep=0.01325000;ny_killzone=False; DIV(0): none/neutral; MTF(8): 15min:bull,1h:bull,4h:bull; COINLEGS(0): alpha=nan, bias=missing, no Coinlegs snapshot columns; COIL(0): score=missing; score=99",3275,3277,3285,3294,6,0,8,0,,missing,bull_fvg[3291:3293]=0.01426000-0.01470000;bull_ob=0.01383000-0.01411000;ote=0.01422830-0.01443740;sellside_sweep=0.01325000;ny_killzone=False,none,neutral,"15min:bull,1h:bull,4h:bull",no Coinlegs snapshot columns
PEOPLEUSDT,4h,3295,2025-07-03T04:00:00+00:00,long,0.01941,0.016648285714285713,0.024933428571428575,0.029076000000000005,0.03321857142857144,100,20,20,12,10,13,10,4,2.0,"long reclaim above 0.01939000; valid pullback; ICT(6): bull_fvg[3291:3293]=0.01804000-0.01887000;bull_ob=0.01742000-0.01785000;ote=0.01781060-0.01812680;sellside_sweep=0.01670000;ny_killzone=False; DIV(0): none/neutral; MTF(8): 15min:bull,1h:bull,4h:bull; COINLEGS(0): alpha=nan, bias=missing, no Coinlegs snapshot columns; COIL(0): score=missing; score=100",3273,3275,3285,3294,6,0,8,0,,missing,bull_fvg[3291:3293]=0.01804000-0.01887000;bull_ob=0.01742000-0.01785000;ote=0.01781060-0.01812680;sellside_sweep=0.01670000;ny_killzone=False,none,neutral,"15min:bull,1h:bull,4h:bull",no Coinlegs snapshot columns
ENSUSDT,4h,3438,2025-07-27T00:00:00+00:00,long,31.5,27.009928571428574,40.48014285714285,47.21524999999999,53.95035714285713,100,20,18,15,15,15,6,4,2.0,"long reclaim above 30.87000000; valid pullback; ICT(6): bull_fvg[3431:3433]=28.72000000-29.99000000;bull_ob=27.12000000-28.61000000;ote=28.88710000-29.31380000;sellside_sweep=26.50000000;ny_killzone=False; DIV(5): hidden_bullish/neutral; MTF(8): 15min:bull,1h:bull,4h:bull; COINLEGS(0): alpha=nan, bias=missing, no Coinlegs snapshot columns; COIL(0): score=missing; score=100",3432,3434,3428,3437,6,5,8,0,,missing,bull_fvg[3431:3433]=28.72000000-29.99000000;bull_ob=27.12000000-28.61000000;ote=28.88710000-29.31380000;sellside_sweep=26.50000000;ny_killzone=False,hidden_bullish,neutral,"15min:bull,1h:bull,4h:bull",no Coinlegs snapshot columns
MAGICUSDT,4h,3488,2025-08-04T08:00:00+00:00,long,0.2167,0.16042285714285714,0.3292542857142857,0.41367,0.4980857142857143,100,20,20,11,9,15,10,4,2.0,"long reclaim above 0.20570000; valid pullback; ICT(6): bull_fvg[3483:3485]=0.17000000-0.17550000;bull_ob=0.14030000-0.14410000;ote=0.16945400-0.17751200;sellside_sweep=0.13800000;ny_killzone=False; DIV(0): none/neutral; MTF(8): 15min:bull,1h:bull,4h:bull; COINLEGS(0): alpha=nan, bias=missing, no Coinlegs snapshot columns; COIL(0): score=missing; score=100",3473,3484,3478,3487,6,0,8,0,,missing,bull_fvg[3483:3485]=0.17000000-0.17550000;bull_ob=0.14030000-0.14410000;ote=0.16945400-0.17751200;sellside_sweep=0.13800000;ny_killzone=False,none,neutral,"15min:bull,1h:bull,4h:bull",no Coinlegs snapshot columns
IOTXUSDT,4h,3494,2025-08-05T08:00:00+00:00,long,0.03112,0.028034999999999997,0.037290000000000004,0.0419175,0.046545,100,20,20,11,15,15,10,4,2.0000000000000013,"long reclaim above 0.03042000; valid pullback; ICT(6): bull_fvg[3462:3464]=0.02777000-0.02792000;bull_ob=0.02235000-0.02299000;ote=0.02524500-0.02635000;sellside_sweep=0.02799000;ny_killzone=False; DIV(0): none/neutral; MTF(8): 15min:bull,1h:bull,4h:bull; COINLEGS(0): alpha=nan, bias=missing, no Coinlegs snapshot columns; COIL(0): score=missing; score=100",3457,3468,3484,3493,6,0,8,0,,missing,bull_fvg[3462:3464]=0.02777000-0.02792000;bull_ob=0.02235000-0.02299000;ote=0.02524500-0.02635000;sellside_sweep=0.02799000;ny_killzone=False,none,neutral,"15min:bull,1h:bull,4h:bull",no Coinlegs snapshot columns
UMAUSDT,4h,3594,2025-08-22T00:00:00+00:00,long,1.544,1.3658785714285713,1.9002428571428576,2.1674250000000006,2.4346071428571436,100,20,20,15,12,12,10,4,2.0,"long reclaim above 1.54000000; valid pullback; ICT(6): bull_fvg[3590:3592]=1.42700000-1.43900000;bull_ob=1.31100000-1.41400000;ote=1.37522000-1.42316000;sellside_sweep=1.23000000;ny_killzone=False; DIV(5): hidden_bullish/neutral; MTF(8): 15min:bull,1h:bull,4h:bull; COINLEGS(0): alpha=nan, bias=missing, no Coinlegs snapshot columns; COIL(0): score=missing; score=100",3580,3582,3584,3593,6,5,8,0,,missing,bull_fvg[3590:3592]=1.42700000-1.43900000;bull_ob=1.31100000-1.41400000;ote=1.37522000-1.42316000;sellside_sweep=1.23000000;ny_killzone=False,hidden_bullish,neutral,"15min:bull,1h:bull,4h:bull",no Coinlegs snapshot columns
ILVUSDT,4h,3703,2025-09-09T04:00:00+00:00,long,15.07,14.225,16.76,18.027500000000003,19.295,100,20,20,11,12,13,6,4,2.0,"long reclaim above 15.04000000; valid pullback; ICT(6): bull_fvg[3682:3684]=13.78000000-13.81000000;bull_ob=13.72000000-13.96000000;ote=14.17820000-14.41960000;sellside_sweep=13.71000000;ny_killzone=False; DIV(0): none/neutral; MTF(8): 15min:bull,1h:bull,4h:bull; COINLEGS(0): alpha=nan, bias=missing, no Coinlegs snapshot columns; COIL(0): score=missing; score=100",3687,3693,3693,3702,6,0,8,0,,missing,bull_fvg[3682:3684]=13.78000000-13.81000000;bull_ob=13.72000000-13.96000000;ote=14.17820000-14.41960000;sellside_sweep=13.71000000;ny_killzone=False,none,neutral,"15min:bull,1h:bull,4h:bull",no Coinlegs snapshot columns
YFIUSDT,4h,3839,2025-10-01T20:00:00+00:00,long,5576.0,5239.857142857143,6248.285714285714,6752.499999999999,7256.714285714284,99,20,20,11,12,12,6,4,2.0,"long reclaim above 5560.00000000; valid pullback; ICT(6): bull_fvg[3835:3837]=5415.00000000-5432.00000000;bull_ob=5072.00000000-5115.00000000;ote=5264.83000000-5319.74000000;sellside_sweep=5129.00000000;ny_killzone=False; DIV(0): none/neutral; MTF(8): 15min:bull,1h:bull,4h:bull; COINLEGS(0): alpha=nan, bias=missing, no Coinlegs snapshot columns; COIL(0): score=missing; score=99",3820,3826,3829,3838,6,0,8,0,,missing,bull_fvg[3835:3837]=5415.00000000-5432.00000000;bull_ob=5072.00000000-5115.00000000;ote=5264.83000000-5319.74000000;sellside_sweep=5129.00000000;ny_killzone=False,none,neutral,"15min:bull,1h:bull,4h:bull",no Coinlegs snapshot columns
ZECUSDT,4h,3984,2025-10-26T00:00:00+00:00,long,287.83,247.49542857142856,368.49914285714283,429.001,489.5028571428571,100,20,20,12,15,15,8,4,2.0,"long reclaim above 284.75000000; valid pullback; ICT(6): bull_fvg[3976:3978]=265.43000000-265.50000000;bull_ob=249.24000000-263.93000000;ote=256.30260000-264.98280000;sellside_sweep=226.26000000;ny_killzone=False; DIV(0): none/neutral; MTF(8): 15min:bull,1h:bull,4h:bull; COINLEGS(0): alpha=nan, bias=missing, no Coinlegs snapshot columns; COIL(0): score=missing; score=100",3955,3957,3974,3983,6,0,8,0,,missing,bull_fvg[3976:3978]=265.43000000-265.50000000;bull_ob=249.24000000-263.93000000;ote=256.30260000-264.98280000;sellside_sweep=226.26000000;ny_killzone=False,none,neutral,"15min:bull,1h:bull,4h:bull",no Coinlegs snapshot columns
ZECUSDT,4h,4038,2025-11-04T00:00:00+00:00,long,471.04,364.1152857142857,684.8894285714287,845.2765000000002,1005.6635714285717,100,20,18,11,12,15,10,4,1.9999999999999996,"long reclaim above 435.93000000; valid pullback; ICT(6): bull_fvg[4035:4037]=403.74000000-406.24000000;bull_ob=298.03000000-338.57000000;ote=362.62350000-381.38300000;sellside_sweep=363.00000000;ny_killzone=False; DIV(5): hidden_bullish/neutral; MTF(8): 15min:bull,1h:bull,4h:bull; COINLEGS(0): alpha=nan, bias=missing, no Coinlegs snapshot columns; COIL(0): score=missing; score=100",4014,4025,4028,4037,6,5,8,0,,missing,bull_fvg[4035:4037]=403.74000000-406.24000000;bull_ob=298.03000000-338.57000000;ote=362.62350000-381.38300000;sellside_sweep=363.00000000;ny_killzone=False,hidden_bullish,neutral,"15min:bull,1h:bull,4h:bull",no Coinlegs snapshot columns
MINAUSDT,4h,4050,2025-11-06T00:00:00+00:00,long,0.1639,0.12098,0.24973999999999996,0.31411999999999995,0.37849999999999995,100,20,20,11,12,13,6,4,2.0,"long reclaim above 0.15900000; valid pullback; ICT(6): bull_fvg[4047:4049]=0.13950000-0.14160000;bull_ob=0.09370000-0.09520000;ote=0.11999000-0.13172000;sellside_sweep=0.10920000;ny_killzone=False; DIV(5): hidden_bullish/neutral; MTF(8): 15min:bull,1h:bull,4h:bull; COINLEGS(0): alpha=nan, bias=missing, no Coinlegs snapshot columns; COIL(0): score=missing; score=100",4024,4035,4040,4049,6,5,8,0,,missing,bull_fvg[4047:4049]=0.13950000-0.14160000;bull_ob=0.09370000-0.09520000;ote=0.11999000-0.13172000;sellside_sweep=0.10920000;ny_killzone=False,hidden_bullish,neutral,"15min:bull,1h:bull,4h:bull",no Coinlegs snapshot columns
BATUSDT,4h,4179,2025-11-27T12:00:00+00:00,long,0.2582,0.20419500000000002,0.3662099999999999,0.4472174999999999,0.5282249999999998,100,20,18,11,9,15,10,4,2.0,"long reclaim above 0.23040000; valid pullback; ICT(8): bull_fvg[4172:4174]=0.21370000-0.21400000;bull_ob=0.18940000-0.19230000;ote=0.19863700-0.20368600;sellside_sweep=0.19240000;ny_killzone=True; DIV(5): hidden_bullish/neutral; MTF(8): 15min:bull,1h:bull,4h:bull; COINLEGS(0): alpha=nan, bias=missing, no Coinlegs snapshot columns; COIL(0): score=missing; score=100",4159,4170,4169,4178,8,5,8,0,,missing,bull_fvg[4172:4174]=0.21370000-0.21400000;bull_ob=0.18940000-0.19230000;ote=0.19863700-0.20368600;sellside_sweep=0.19240000;ny_killzone=True,hidden_bullish,neutral,"15min:bull,1h:bull,4h:bull",no Coinlegs snapshot columns
QNTUSDT,4h,4185,2025-11-28T12:00:00+00:00,long,98.7,82.48114285714286,131.1377142857143,155.466,179.79428571428573,100,20,20,11,12,15,10,4,2.000000000000001,"long reclaim above 86.32000000; valid pullback; ICT(8): bull_fvg[4166:4168]=82.93000000-85.02000000;bull_ob=79.67000000-81.18000000;ote=84.23640000-85.56920000;sellside_sweep=79.67000000;ny_killzone=True; DIV(0): none/neutral; MTF(8): 15min:bull,1h:bull,4h:bull; COINLEGS(0): alpha=nan, bias=missing, no Coinlegs snapshot columns; COIL(0): score=missing; score=100",4167,4174,4175,4184,8,0,8,0,,missing,bull_fvg[4166:4168]=82.93000000-85.02000000;bull_ob=79.67000000-81.18000000;ote=84.23640000-85.56920000;sellside_sweep=79.67000000;ny_killzone=True,none,neutral,"15min:bull,1h:bull,4h:bull",no Coinlegs snapshot columns
XTZUSDT,4h,4378,2025-12-30T16:00:00+00:00,long,0.5215,0.4845557142857143,0.5953885714285713,0.6508049999999997,0.7062214285714282,100,20,20,11,12,15,10,4,2.0,"long reclaim above 0.51300000; valid pullback; ICT(8): bull_fvg[4375:4377]=0.49460000-0.49810000;bull_ob=0.44750000-0.46040000;ote=0.46714800-0.47374400;sellside_sweep=0.46840000;ny_killzone=True; DIV(5): hidden_bullish/neutral; MTF(8): 15min:bull,1h:bull,4h:bull; COINLEGS(0): alpha=nan, bias=missing, no Coinlegs snapshot columns; COIL(0): score=missing; score=100",4353,4364,4368,4377,8,5,8,0,,missing,bull_fvg[4375:4377]=0.49460000-0.49810000;bull_ob=0.44750000-0.46040000;ote=0.46714800-0.47374400;sellside_sweep=0.46840000;ny_killzone=True,hidden_bullish,neutral,"15min:bull,1h:bull,4h:bull",no Coinlegs snapshot columns
POWRUSDT,4h,4396,2026-01-02T16:00:00+00:00,long,0.0879,0.08224857142857143,0.09920285714285715,0.10768,0.11615714285714286,100,20,20,12,15,15,8,4,2.0,"long reclaim above 0.08600000; valid pullback; ICT(8): bull_fvg[4388:4390]=0.08360000-0.08380000;bull_ob=0.08110000-0.08220000;ote=0.08436200-0.08643600;sellside_sweep=0.08190000;ny_killzone=True; DIV(0): none/neutral; MTF(8): 15min:bull,1h:bull,4h:bull; COINLEGS(0): alpha=nan, bias=missing, no Coinlegs snapshot columns; COIL(0): score=missing; score=100",4374,4381,4386,4395,8,0,8,0,,missing,bull_fvg[4388:4390]=0.08360000-0.08380000;bull_ob=0.08110000-0.08220000;ote=0.08436200-0.08643600;sellside_sweep=0.08190000;ny_killzone=True,none,neutral,"15min:bull,1h:bull,4h:bull",no Coinlegs snapshot columns
SANDUSDT,4h,4512,2026-01-22T00:00:00+00:00,long,0.1652,0.13490642857142857,0.2257871428571429,0.27122750000000007,0.3166678571428573,100,20,20,11,9,15,10,4,2.0,"long reclaim above 0.15420000; valid pullback; ICT(6): bull_fvg[4505:4507]=0.14070000-0.14250000;bull_ob=0.11790000-0.12270000;ote=0.13845000-0.14440000;sellside_sweep=0.13110000;ny_killzone=False; DIV(0): none/neutral; MTF(8): 15min:bull,1h:bull,4h:bull; COINLEGS(0): alpha=nan, bias=missing, no Coinlegs snapshot columns; COIL(0): score=missing; score=100",4484,4494,4502,4511,6,0,8,0,,missing,bull_fvg[4505:4507]=0.14070000-0.14250000;bull_ob=0.11790000-0.12270000;ote=0.13845000-0.14440000;sellside_sweep=0.13110000;ny_killzone=False,none,neutral,"15min:bull,1h:bull,4h:bull",no Coinlegs snapshot columns
BATUSDT,4h,4654,2026-02-14T16:00:00+00:00,long,0.1376,0.12661,0.15958,0.176065,0.19255,100,20,16,11,15,15,10,4,2.0,"long reclaim above 0.13540000; valid pullback; ICT(8): bull_fvg[4651:4653]=0.13260000-0.13310000;bull_ob=0.11980000-0.12510000;ote=0.12882600-0.13062800;sellside_sweep=0.12690000;ny_killzone=True; DIV(0): none/neutral; MTF(8): 15min:bull,1h:bull,4h:bull; COINLEGS(0): alpha=nan, bias=missing, no Coinlegs snapshot columns; COIL(0): score=missing; score=100",4624,4635,4644,4653,8,0,8,0,,missing,bull_fvg[4651:4653]=0.13260000-0.13310000;bull_ob=0.11980000-0.12510000;ote=0.12882600-0.13062800;sellside_sweep=0.12690000;ny_killzone=True,none,neutral,"15min:bull,1h:bull,4h:bull",no Coinlegs snapshot columns
JOEUSDT,4h,4761,2026-03-04T12:00:00+00:00,long,0.0418,0.038447857142857145,0.0485042857142857,0.05353249999999998,0.05856071428571426,99,20,18,11,12,12,6,4,2.0,"long reclaim above 0.04160000; valid pullback; ICT(8): bull_fvg[4755:4757]=0.03990000-0.04050000;bull_ob=0.03790000-0.04040000;ote=0.03988100-0.04091800;sellside_sweep=0.03610000;ny_killzone=True; DIV(0): none/neutral; MTF(8): 15min:bull,1h:bull,4h:bull; COINLEGS(0): alpha=nan, bias=missing, no Coinlegs snapshot columns; COIL(0): score=missing; score=99",4750,4756,4751,4760,8,0,8,0,,missing,bull_fvg[4755:4757]=0.03990000-0.04050000;bull_ob=0.03790000-0.04040000;ote=0.03988100-0.04091800;sellside_sweep=0.03610000;ny_killzone=True,none,neutral,"15min:bull,1h:bull,4h:bull",no Coinlegs snapshot columns
KAVAUSDT,4h,4777,2026-03-07T04:00:00+00:00,long,0.06722,0.05653007142857143,0.08859985714285715,0.10463475,0.12066964285714286,100,20,20,11,15,15,10,4,2.0,"long reclaim above 0.06600000; valid pullback; ICT(6): bull_fvg[4757:4759]=0.05370000-0.05780000;bull_ob=0.04760000-0.04880000;ote=0.05348400-0.05695200;sellside_sweep=0.05290000;ny_killzone=False; DIV(0): none/neutral; MTF(8): 15min:bull,1h:bull,4h:bull; COINLEGS(0): alpha=nan, bias=missing, no Coinlegs snapshot columns; COIL(0): score=missing; score=100",4747,4758,4767,4776,6,0,8,0,,missing,bull_fvg[4757:4759]=0.05370000-0.05780000;bull_ob=0.04760000-0.04880000;ote=0.05348400-0.05695200;sellside_sweep=0.05290000;ny_killzone=False,none,neutral,"15min:bull,1h:bull,4h:bull",no Coinlegs snapshot columns
COMPUSDT,4h,4829,2026-03-15T20:00:00+00:00,long,19.11,18.303285714285714,20.72342857142857,21.9335,23.143571428571427,100,20,20,11,15,15,10,4,2.0,"long reclaim above 18.90000000; valid pullback; ICT(6): bull_fvg[4811:4813]=17.96000000-18.40000000;bull_ob=16.71000000-17.03000000;ote=17.46800000-17.94400000;sellside_sweep=17.59000000;ny_killzone=False; DIV(0): none/neutral; MTF(8): 15min:bull,1h:bull,4h:bull; COINLEGS(0): alpha=nan, bias=missing, no Coinlegs snapshot columns; COIL(0): score=missing; score=100",4802,4813,4819,4828,6,0,8,0,,missing,bull_fvg[4811:4813]=17.96000000-18.40000000;bull_ob=16.71000000-17.03000000;ote=17.46800000-17.94400000;sellside_sweep=17.59000000;ny_killzone=False,none,neutral,"15min:bull,1h:bull,4h:bull",no Coinlegs snapshot columns
ANKRUSDT,4h,4860,2026-03-21T00:00:00+00:00,long,0.00606,0.004704571428571429,0.008770857142857143,0.010804000000000001,0.01283714285714286,100,20,20,15,12,15,10,4,1.9999999999999993,"long reclaim above 0.00545000; valid pullback; ICT(6): bull_fvg[4855:4857]=0.00486000-0.00488000;bull_ob=0.00452000-0.00462000;ote=0.00513370-0.00546860;sellside_sweep=0.00472000;ny_killzone=False; DIV(0): none/neutral; MTF(8): 15min:bull,1h:bull,4h:bull; COINLEGS(0): alpha=nan, bias=missing, no Coinlegs snapshot columns; COIL(0): score=missing; score=100",4840,4851,4850,4859,6,0,8,0,,missing,bull_fvg[4855:4857]=0.00486000-0.00488000;bull_ob=0.00452000-0.00462000;ote=0.00513370-0.00546860;sellside_sweep=0.00472000;ny_killzone=False,none,neutral,"15min:bull,1h:bull,4h:bull",no Coinlegs snapshot columns
SUNUSDT,4h,4868,2026-03-22T08:00:00+00:00,long,0.0183,0.017397142857142858,0.020105714285714286,0.02146,0.022814285714285714,100,20,20,11,15,15,10,4,2.0,"long reclaim above 0.01807000; valid pullback; ICT(6): bull_fvg[4851:4853]=0.01753000-0.01770000;bull_ob=0.01668000-0.01685000;ote=0.01700600-0.01727800;sellside_sweep=0.01678000;ny_killzone=False; DIV(0): none/neutral; MTF(8): 15min:bull,1h:bull,4h:bull; COINLEGS(0): alpha=nan, bias=missing, no Coinlegs snapshot columns; COIL(0): score=missing; score=100",4838,4849,4858,4867,6,0,8,0,,missing,bull_fvg[4851:4853]=0.01753000-0.01770000;bull_ob=0.01668000-0.01685000;ote=0.01700600-0.01727800;sellside_sweep=0.01678000;ny_killzone=False,none,neutral,"15min:bull,1h:bull,4h:bull",no Coinlegs snapshot columns
LDOUSDT,4h,4920,2026-03-31T00:00:00+00:00,long,0.3303,0.29355642857142855,0.40378714285714284,0.4589025,0.5140178571428571,100,20,20,11,12,15,10,4,2.0,"long reclaim above 0.32590000; valid pullback; ICT(6): bull_fvg[4914:4916]=0.31420000-0.31900000;bull_ob=0.27410000-0.28830000;ote=0.29025100-0.29587800;sellside_sweep=0.28330000;ny_killzone=False; DIV(0): none/neutral; MTF(8): 15min:bull,1h:bull,4h:bull; COINLEGS(0): alpha=nan, bias=missing, no Coinlegs snapshot columns; COIL(0): score=missing; score=100",4900,4909,4910,4919,6,0,8,0,,missing,bull_fvg[4914:4916]=0.31420000-0.31900000;bull_ob=0.27410000-0.28830000;ote=0.29025100-0.29587800;sellside_sweep=0.28330000;ny_killzone=False,none,neutral,"15min:bull,1h:bull,4h:bull",no Coinlegs snapshot columns
MASKUSDT,4h,4953,2026-04-05T12:00:00+00:00,long,0.505,0.44194285714285714,0.6311142857142857,0.7257,0.8202857142857143,100,20,20,11,9,14,10,4,2.0,"long reclaim above 0.49600000; valid pullback; ICT(8): bull_fvg[4937:4939]=0.44100000-0.44500000;bull_ob=0.40400000-0.41300000;ote=0.44587000-0.45386000;sellside_sweep=0.40300000;ny_killzone=True; DIV(0): none/neutral; MTF(8): 15min:bull,1h:bull,4h:bull; COINLEGS(0): alpha=nan, bias=missing, no Coinlegs snapshot columns; COIL(0): score=missing; score=100",4938,4949,4943,4952,8,0,8,0,,missing,bull_fvg[4937:4939]=0.44100000-0.44500000;bull_ob=0.40400000-0.41300000;ote=0.44587000-0.45386000;sellside_sweep=0.40300000;ny_killzone=True,none,neutral,"15min:bull,1h:bull,4h:bull",no Coinlegs snapshot columns
THETAUSDT,4h,4967,2026-04-07T20:00:00+00:00,long,0.168,0.15352142857142856,0.19695714285714291,0.2186750000000001,0.24039285714285727,100,20,20,12,15,15,10,4,2.0,"long reclaim above 0.16400000; valid pullback; ICT(6): bull_fvg[4955:4957]=0.15600000-0.15800000;bull_ob=0.14600000-0.15200000;ote=0.15904000-0.16312000;sellside_sweep=0.15300000;ny_killzone=False; DIV(0): none/neutral; MTF(8): 15min:bull,1h:bull,4h:bull; COINLEGS(0): alpha=nan, bias=missing, no Coinlegs snapshot columns; COIL(0): score=missing; score=100",4945,4948,4957,4966,6,0,8,0,,missing,bull_fvg[4955:4957]=0.15600000-0.15800000;bull_ob=0.14600000-0.15200000;ote=0.15904000-0.16312000;sellside_sweep=0.15300000;ny_killzone=False,none,neutral,"15min:bull,1h:bull,4h:bull",no Coinlegs snapshot columns
CHZUSDT,4h,5063,2026-04-23T20:00:00+00:00,long,0.0503,0.045690714285714286,0.05951857142857142,0.06643249999999999,0.07334642857142856,100,20,18,11,12,15,10,4,2.0,"long reclaim above 0.04906000; valid pullback; ICT(6): bull_fvg[5043:5045]=0.04542000-0.04603000;bull_ob=0.04267000-0.04436000;ote=0.04485030-0.04577340;sellside_sweep=0.04335000;ny_killzone=False; DIV(5): hidden_bullish/neutral; MTF(8): 15min:bull,1h:bull,4h:bull; COINLEGS(0): alpha=nan, bias=missing, no Coinlegs snapshot columns; COIL(0): score=missing; score=100",5044,5055,5053,5062,6,5,8,0,,missing,bull_fvg[5043:5045]=0.04542000-0.04603000;bull_ob=0.04267000-0.04436000;ote=0.04485030-0.04577340;sellside_sweep=0.04335000;ny_killzone=False,hidden_bullish,neutral,"15min:bull,1h:bull,4h:bull",no Coinlegs snapshot columns
AXSUSDT,4h,5088,2026-04-28T00:00:00+00:00,long,1.518,1.3375000000000001,1.8789999999999998,2.1497499999999996,2.4204999999999997,100,20,20,11,12,15,10,4,2.0,"long reclaim above 1.49600000; valid pullback; ICT(6): bull_fvg[5084:5086]=1.38100000-1.39900000;bull_ob=1.09400000-1.10900000;ote=1.33154000-1.42912000;sellside_sweep=1.11400000;ny_killzone=False; DIV(0): none/neutral; MTF(8): 15min:bull,1h:bull,4h:bull; COINLEGS(0): alpha=nan, bias=missing, no Coinlegs snapshot columns; COIL(0): score=missing; score=100",5071,5082,5078,5087,6,0,8,0,,missing,bull_fvg[5084:5086]=1.38100000-1.39900000;bull_ob=1.09400000-1.10900000;ote=1.33154000-1.42912000;sellside_sweep=1.11400000;ny_killzone=False,none,neutral,"15min:bull,1h:bull,4h:bull",no Coinlegs snapshot columns
ARUSDT,4h,5136,2026-05-06T00:00:00+00:00,long,2.52,2.0502857142857143,3.4594285714285715,4.164,4.868571428571428,100,20,20,11,12,15,10,4,2.0,"long reclaim above 2.28000000; valid pullback; ICT(6): bull_fvg[5133:5135]=2.14000000-2.16000000;bull_ob=2.01000000-2.14000000;ote=2.09830000-2.13740000;sellside_sweep=2.01000000;ny_killzone=False; DIV(0): none/neutral; MTF(8): 15min:bull,1h:bull,4h:bull; COINLEGS(0): alpha=nan, bias=missing, no Coinlegs snapshot columns; COIL(0): score=missing; score=100",5122,5127,5126,5135,6,0,8,0,,missing,bull_fvg[5133:5135]=2.14000000-2.16000000;bull_ob=2.01000000-2.14000000;ote=2.09830000-2.13740000;sellside_sweep=2.01000000;ny_killzone=False,none,neutral,"15min:bull,1h:bull,4h:bull",no Coinlegs snapshot columns
KSMUSDT,4h,5136,2026-05-06T00:00:00+00:00,long,5.01,4.769928571428571,5.490142857142857,5.850249999999999,6.210357142857142,100,20,20,15,12,15,8,4,2.0,"long reclaim above 4.95000000; valid pullback; ICT(6): bull_fvg[5121:5123]=4.78000000-4.84000000;bull_ob=4.72000000-4.78000000;ote=4.79140000-4.84920000;sellside_sweep=4.72000000;ny_killzone=False; DIV(0): none/neutral; MTF(8): 15min:bull,1h:bull,4h:bull; COINLEGS(0): alpha=nan, bias=missing, no Coinlegs snapshot columns; COIL(0): score=missing; score=100",5122,5124,5126,5135,6,0,8,0,,missing,bull_fvg[5121:5123]=4.78000000-4.84000000;bull_ob=4.72000000-4.78000000;ote=4.79140000-4.84920000;sellside_sweep=4.72000000;ny_killzone=False,none,neutral,"15min:bull,1h:bull,4h:bull",no Coinlegs snapshot columns
PEOPLEUSDT,4h,5148,2026-05-08T00:00:00+00:00,long,0.00863,0.008116214285714286,0.00965757142857143,0.010428250000000003,0.011198928571428575,100,20,20,11,15,13,10,4,2.0,"long reclaim above 0.00859000; valid pullback; ICT(6): bull_fvg[5129:5131]=0.00803000-0.00831000;bull_ob=0.00790000-0.00803000;ote=0.00810480-0.00825440;sellside_sweep=0.00789000;ny_killzone=False; DIV(0): none/neutral; MTF(8): 15min:bull,1h:bull,4h:bull; COINLEGS(0): alpha=nan, bias=missing, no Coinlegs snapshot columns; COIL(0): score=missing; score=100",5130,5141,5138,5147,6,0,8,0,,missing,bull_fvg[5129:5131]=0.00803000-0.00831000;bull_ob=0.00790000-0.00803000;ote=0.00810480-0.00825440;sellside_sweep=0.00789000;ny_killzone=False,none,neutral,"15min:bull,1h:bull,4h:bull",no Coinlegs snapshot columns
DYDXUSDT,4h,5445,2026-06-26T12:00:00+00:00,long,0.15519,0.1343164285714286,0.1969371428571428,0.22824749999999994,0.25955785714285706,100,20,18,11,12,15,10,4,2.0,"long reclaim above 0.15216000; valid pullback; ICT(8): bull_fvg[5428:5430]=0.14523000-0.14728000;bull_ob=0.12600000-0.13793000;ote=0.13208160-0.13700480;sellside_sweep=0.12600000;ny_killzone=True; DIV(0): none/neutral; MTF(8): 15min:bull,1h:bull,4h:bull; COINLEGS(0): alpha=nan, bias=missing, no Coinlegs snapshot columns; COIL(0): score=missing; score=100",5426,5437,5435,5444,8,0,8,0,,missing,bull_fvg[5428:5430]=0.14523000-0.14728000;bull_ob=0.12600000-0.13793000;ote=0.13208160-0.13700480;sellside_sweep=0.12600000;ny_killzone=True,none,neutral,"15min:bull,1h:bull,4h:bull",no Coinlegs snapshot columns
