symbol,timeframe,index,timestamp,direction,score,reason
MAGICUSDT,4h,195,2024-02-02T12:00:00+00:00,long,100,max_open_per_symbol
MAGICUSDT,4h,196,2024-02-02T16:00:00+00:00,long,100,max_open_per_symbol
BANDUSDT,4h,207,2024-02-04T12:00:00+00:00,long,100,max_open_cluster:crypto_beta
PONDUSDT,4h,209,2024-02-04T20:00:00+00:00,long,100,max_open_cluster:crypto_beta
PONDUSDT,4h,210,2024-02-05T00:00:00+00:00,long,100,max_open_cluster:crypto_beta
AGLDUSDT,4h,215,2024-02-05T20:00:00+00:00,long,100,max_open_cluster:crypto_beta
AGLDUSDT,4h,216,2024-02-06T00:00:00+00:00,long,100,max_open_cluster:crypto_beta
JASMYUSDT,4h,217,2024-02-06T04:00:00+00:00,long,100,max_open_cluster:crypto_beta
BANDUSDT,4h,224,2024-02-07T08:00:00+00:00,long,100,max_open_cluster:crypto_beta
BANDUSDT,4h,228,2024-02-08T00:00:00+00:00,long,100,max_open_cluster:crypto_beta
CKBUSDT,4h,232,2024-02-08T16:00:00+00:00,long,100,max_open_cluster:crypto_beta
JOEUSDT,4h,255,2024-02-12T12:00:00+00:00,long,100,max_open_cluster:crypto_beta
LQTYUSDT,4h,255,2024-02-12T12:00:00+00:00,long,100,max_open_cluster:crypto_beta
CRVUSDT,4h,256,2024-02-12T16:00:00+00:00,long,100,max_open_cluster:crypto_beta
YFIUSDT,4h,256,2024-02-12T16:00:00+00:00,long,100,max_open_cluster:crypto_beta
YFIUSDT,4h,257,2024-02-12T20:00:00+00:00,long,100,max_open_cluster:crypto_beta
MINAUSDT,4h,265,2024-02-14T04:00:00+00:00,long,97,max_open_cluster:crypto_beta
VTHOUSDT,4h,265,2024-02-14T04:00:00+00:00,long,100,max_open_cluster:crypto_beta
MINAUSDT,4h,266,2024-02-14T08:00:00+00:00,long,100,max_open_cluster:crypto_beta
RADUSDT,4h,270,2024-02-15T00:00:00+00:00,long,100,max_open_cluster:crypto_beta
SANDUSDT,4h,270,2024-02-15T00:00:00+00:00,long,100,max_open_cluster:crypto_beta
KAVAUSDT,4h,271,2024-02-15T04:00:00+00:00,long,100,max_open_cluster:crypto_beta
BATUSDT,4h,272,2024-02-15T08:00:00+00:00,long,99,max_open_cluster:crypto_beta
KAVAUSDT,4h,272,2024-02-15T08:00:00+00:00,long,100,max_open_cluster:crypto_beta
BATUSDT,4h,278,2024-02-16T08:00:00+00:00,long,100,max_open_cluster:crypto_beta
PEOPLEUSDT,4h,278,2024-02-16T08:00:00+00:00,long,100,max_open_cluster:crypto_beta
RADUSDT,4h,278,2024-02-16T08:00:00+00:00,long,100,max_open_cluster:crypto_beta
SPELLUSDT,4h,278,2024-02-16T08:00:00+00:00,long,100,max_open_cluster:crypto_beta
FLUXUSDT,4h,289,2024-02-18T04:00:00+00:00,long,100,max_open_cluster:crypto_beta
ANKRUSDT,4h,290,2024-02-18T08:00:00+00:00,long,100,max_open_cluster:crypto_beta
CHZUSDT,4h,294,2024-02-19T00:00:00+00:00,long,100,max_open_cluster:crypto_beta
KNCUSDT,4h,294,2024-02-19T00:00:00+00:00,long,99,max_open_cluster:crypto_beta
TLMUSDT,4h,295,2024-02-19T04:00:00+00:00,long,100,max_open_cluster:crypto_beta
PEOPLEUSDT,4h,296,2024-02-19T08:00:00+00:00,long,100,max_open_cluster:crypto_beta
TLMUSDT,4h,296,2024-02-19T08:00:00+00:00,long,100,max_open_cluster:crypto_beta
YGGUSDT,4h,296,2024-02-19T08:00:00+00:00,long,100,max_open_cluster:crypto_beta
ARUSDT,4h,297,2024-02-19T12:00:00+00:00,long,100,max_open_cluster:crypto_beta
SANDUSDT,4h,297,2024-02-19T12:00:00+00:00,long,100,max_open_cluster:crypto_beta
CHZUSDT,4h,299,2024-02-19T20:00:00+00:00,long,100,max_open_cluster:crypto_beta
SANDUSDT,4h,299,2024-02-19T20:00:00+00:00,long,100,max_open_cluster:crypto_beta
STORJUSDT,4h,299,2024-02-19T20:00:00+00:00,long,100,max_open_per_symbol
OCEANUSDT,4h,313,2024-02-22T04:00:00+00:00,long,100,max_open_cluster:crypto_beta
CHZUSDT,4h,314,2024-02-22T08:00:00+00:00,long,100,max_open_cluster:crypto_beta
HBARUSDT,4h,316,2024-02-22T16:00:00+00:00,long,100,max_open_cluster:crypto_beta
SUNUSDT,4h,326,2024-02-24T08:00:00+00:00,long,100,max_open_cluster:crypto_beta
WOOUSDT,4h,327,2024-02-24T12:00:00+00:00,long,100,max_open_cluster:crypto_beta
SPELLUSDT,4h,330,2024-02-25T00:00:00+00:00,long,100,max_open_cluster:crypto_beta
CTSIUSDT,4h,331,2024-02-25T04:00:00+00:00,long,100,max_open_cluster:crypto_beta
CTSIUSDT,4h,332,2024-02-25T08:00:00+00:00,long,100,max_open_cluster:crypto_beta
SPELLUSDT,4h,333,2024-02-25T12:00:00+00:00,long,100,max_open_cluster:crypto_beta
RAREUSDT,4h,334,2024-02-25T16:00:00+00:00,long,100,max_open_cluster:crypto_beta
ZECUSDT,4h,337,2024-02-26T04:00:00+00:00,long,100,max_open_cluster:crypto_beta
CHZUSDT,4h,338,2024-02-26T08:00:00+00:00,long,100,max_open_cluster:crypto_beta
IOSTUSDT,4h,339,2024-02-26T12:00:00+00:00,long,100,max_open_cluster:crypto_beta
SNXUSDT,4h,339,2024-02-26T12:00:00+00:00,long,100,max_open_cluster:crypto_beta
CHZUSDT,4h,340,2024-02-26T16:00:00+00:00,long,100,max_open_cluster:crypto_beta
KNCUSDT,4h,340,2024-02-26T16:00:00+00:00,long,100,max_open_cluster:crypto_beta
CVXUSDT,4h,343,2024-02-27T04:00:00+00:00,long,100,max_open_cluster:crypto_beta
ZECUSDT,4h,343,2024-02-27T04:00:00+00:00,long,100,max_open_cluster:crypto_beta
KNCUSDT,4h,344,2024-02-27T08:00:00+00:00,long,100,max_open_cluster:crypto_beta
SUNUSDT,4h,345,2024-02-27T12:00:00+00:00,long,100,max_open_cluster:crypto_beta
SPELLUSDT,4h,349,2024-02-28T04:00:00+00:00,long,100,max_open_cluster:crypto_beta
HOTUSDT,4h,365,2024-03-01T20:00:00+00:00,long,100,max_open_cluster:crypto_beta
TLMUSDT,4h,365,2024-03-01T20:00:00+00:00,long,100,max_open_cluster:crypto_beta
EGLDUSDT,4h,366,2024-03-02T00:00:00+00:00,long,100,max_open_cluster:crypto_beta
RVNUSDT,4h,366,2024-03-02T00:00:00+00:00,long,100,max_open_cluster:crypto_beta
ZILUSDT,4h,366,2024-03-02T00:00:00+00:00,long,100,max_open_cluster:crypto_beta
GALAUSDT,4h,367,2024-03-02T04:00:00+00:00,long,100,max_open_cluster:crypto_beta
GALAUSDT,4h,368,2024-03-02T08:00:00+00:00,long,100,max_open_cluster:crypto_beta
PYRUSDT,4h,369,2024-03-02T12:00:00+00:00,long,100,max_open_cluster:crypto_beta
SUNUSDT,4h,369,2024-03-02T12:00:00+00:00,long,100,max_open_cluster:crypto_beta
AGLDUSDT,4h,370,2024-03-02T16:00:00+00:00,long,100,max_open_cluster:crypto_beta
LQTYUSDT,4h,370,2024-03-02T16:00:00+00:00,long,100,max_open_cluster:crypto_beta
PYRUSDT,4h,370,2024-03-02T16:00:00+00:00,long,100,max_open_cluster:crypto_beta
KSMUSDT,4h,371,2024-03-02T20:00:00+00:00,long,100,max_open_cluster:crypto_beta
THETAUSDT,4h,372,2024-03-03T00:00:00+00:00,long,100,max_open_cluster:crypto_beta
ARUSDT,4h,373,2024-03-03T04:00:00+00:00,long,100,max_open_cluster:crypto_beta
OGNUSDT,4h,376,2024-03-03T16:00:00+00:00,long,100,max_open_cluster:crypto_beta
JASMYUSDT,4h,377,2024-03-03T20:00:00+00:00,long,100,max_open_cluster:crypto_beta
ICXUSDT,4h,378,2024-03-04T00:00:00+00:00,long,100,max_open_cluster:crypto_beta
ONTUSDT,4h,379,2024-03-04T04:00:00+00:00,long,100,max_open_cluster:crypto_beta
ROSEUSDT,4h,379,2024-03-04T04:00:00+00:00,long,100,max_open_cluster:crypto_beta
CRVUSDT,4h,380,2024-03-04T08:00:00+00:00,long,100,max_open_cluster:crypto_beta
KNCUSDT,4h,380,2024-03-04T08:00:00+00:00,long,100,max_open_cluster:crypto_beta
BANDUSDT,4h,381,2024-03-04T12:00:00+00:00,long,100,max_open_cluster:crypto_beta
SKLUSDT,4h,381,2024-03-04T12:00:00+00:00,long,100,max_open_cluster:crypto_beta
YFIUSDT,4h,401,2024-03-07T20:00:00+00:00,long,100,max_open_per_symbol
THETAUSDT,4h,402,2024-03-08T00:00:00+00:00,long,100,max_open_cluster:crypto_beta
SUNUSDT,4h,405,2024-03-08T12:00:00+00:00,long,100,max_open_cluster:crypto_beta
LPTUSDT,4h,406,2024-03-08T16:00:00+00:00,long,100,max_open_cluster:crypto_beta
PONDUSDT,4h,408,2024-03-09T00:00:00+00:00,long,100,max_open_cluster:crypto_beta
CKBUSDT,4h,409,2024-03-09T04:00:00+00:00,long,100,max_open_per_symbol
ROSEUSDT,4h,410,2024-03-09T08:00:00+00:00,long,100,max_open_cluster:crypto_beta
YFIUSDT,4h,410,2024-03-09T08:00:00+00:00,long,100,max_open_per_symbol
KNCUSDT,4h,414,2024-03-10T00:00:00+00:00,long,100,max_open_cluster:crypto_beta
KNCUSDT,4h,415,2024-03-10T04:00:00+00:00,long,100,max_open_cluster:crypto_beta
ZILUSDT,4h,415,2024-03-10T04:00:00+00:00,long,100,max_open_cluster:crypto_beta
SUSHIUSDT,4h,416,2024-03-10T08:00:00+00:00,long,100,max_open_cluster:crypto_beta
BANDUSDT,4h,419,2024-03-10T20:00:00+00:00,long,100,max_open_cluster:crypto_beta
ANKRUSDT,4h,420,2024-03-11T00:00:00+00:00,long,100,max_open_cluster:crypto_beta
THETAUSDT,4h,420,2024-03-11T00:00:00+00:00,long,100,max_open_cluster:crypto_beta
ANKRUSDT,4h,428,2024-03-12T08:00:00+00:00,long,100,max_open_cluster:crypto_beta
ANKRUSDT,4h,430,2024-03-12T16:00:00+00:00,long,100,max_open_cluster:crypto_beta
FLUXUSDT,4h,436,2024-03-13T16:00:00+00:00,long,100,max_open_cluster:crypto_beta
KNCUSDT,4h,436,2024-03-13T16:00:00+00:00,long,100,max_open_cluster:crypto_beta
FLOKIUSDT,4h,439,2024-03-14T04:00:00+00:00,long,100,max_open_cluster:crypto_beta
YGGUSDT,4h,507,2024-03-25T12:00:00+00:00,long,100,max_open_per_symbol
VTHOUSDT,4h,526,2024-03-28T16:00:00+00:00,long,100,max_open_cluster:crypto_beta
IOSTUSDT,4h,530,2024-03-29T08:00:00+00:00,long,100,max_open_cluster:crypto_beta
SKLUSDT,4h,530,2024-03-29T08:00:00+00:00,long,100,max_open_cluster:crypto_beta
ONTUSDT,4h,533,2024-03-29T20:00:00+00:00,long,94,max_open_cluster:crypto_beta
TRBUSDT,4h,533,2024-03-29T20:00:00+00:00,long,100,max_open_cluster:crypto_beta
TRBUSDT,4h,534,2024-03-30T00:00:00+00:00,long,100,max_open_cluster:crypto_beta
ICXUSDT,4h,536,2024-03-30T08:00:00+00:00,long,100,max_open_cluster:crypto_beta
LQTYUSDT,4h,542,2024-03-31T08:00:00+00:00,long,100,max_open_cluster:crypto_beta
KAVAUSDT,4h,546,2024-04-01T00:00:00+00:00,long,100,max_open_cluster:crypto_beta
UMAUSDT,4h,795,2024-05-12T12:00:00+00:00,long,100,max_open_cluster:crypto_beta
PEOPLEUSDT,4h,805,2024-05-14T04:00:00+00:00,long,100,max_open_per_symbol
GMTUSDT,4h,859,2024-05-23T04:00:00+00:00,long,100,max_open_cluster:crypto_beta
LDOUSDT,4h,878,2024-05-26T08:00:00+00:00,long,100,max_open_per_symbol
ENSUSDT,4h,879,2024-05-26T12:00:00+00:00,long,100,max_open_cluster:crypto_beta
GMTUSDT,4h,885,2024-05-27T12:00:00+00:00,long,100,max_open_cluster:crypto_beta
ZECUSDT,4h,885,2024-05-27T12:00:00+00:00,long,100,max_open_cluster:crypto_beta
AGLDUSDT,4h,900,2024-05-30T00:00:00+00:00,long,100,max_open_cluster:crypto_beta
AGLDUSDT,4h,915,2024-06-01T12:00:00+00:00,long,100,max_open_per_symbol
ALICEUSDT,4h,924,2024-06-03T00:00:00+00:00,long,100,max_open_cluster:crypto_beta
MAGICUSDT,4h,924,2024-06-03T00:00:00+00:00,long,99,max_open_cluster:crypto_beta
TLMUSDT,4h,924,2024-06-03T00:00:00+00:00,long,100,max_open_cluster:crypto_beta
JASMYUSDT,4h,933,2024-06-04T12:00:00+00:00,long,100,max_open_cluster:crypto_beta
GALAUSDT,4h,938,2024-06-05T08:00:00+00:00,long,100,max_open_cluster:crypto_beta
AXSUSDT,4h,939,2024-06-05T12:00:00+00:00,long,100,max_open_cluster:crypto_beta
GLMRUSDT,4h,940,2024-06-05T16:00:00+00:00,long,99,max_open_cluster:crypto_beta
LQTYUSDT,4h,940,2024-06-05T16:00:00+00:00,long,100,max_open_cluster:crypto_beta
PONDUSDT,4h,940,2024-06-05T16:00:00+00:00,long,100,max_open_cluster:crypto_beta
LQTYUSDT,4h,942,2024-06-06T00:00:00+00:00,long,100,max_open_cluster:crypto_beta
LQTYUSDT,4h,943,2024-06-06T04:00:00+00:00,long,100,max_open_cluster:crypto_beta
CKBUSDT,4h,949,2024-06-07T04:00:00+00:00,long,100,max_open_cluster:crypto_beta
JASMYUSDT,4h,949,2024-06-07T04:00:00+00:00,long,100,max_open_cluster:crypto_beta
CKBUSDT,4h,950,2024-06-07T08:00:00+00:00,long,100,max_open_cluster:crypto_beta
JASMYUSDT,4h,950,2024-06-07T08:00:00+00:00,long,100,max_open_cluster:crypto_beta
YFIUSDT,4h,1103,2024-07-02T20:00:00+00:00,long,100,max_open_per_symbol
XTZUSDT,4h,1176,2024-07-15T00:00:00+00:00,long,100,max_open_cluster:crypto_beta
AXSUSDT,4h,1180,2024-07-15T16:00:00+00:00,long,100,max_open_cluster:crypto_beta
BATUSDT,4h,1181,2024-07-15T20:00:00+00:00,long,100,max_open_cluster:crypto_beta
XTZUSDT,4h,1181,2024-07-15T20:00:00+00:00,long,100,max_open_cluster:crypto_beta
POWRUSDT,4h,1196,2024-07-18T08:00:00+00:00,long,100,max_open_cluster:crypto_beta
STORJUSDT,4h,1196,2024-07-18T08:00:00+00:00,long,100,max_open_cluster:crypto_beta
PEOPLEUSDT,4h,1200,2024-07-19T00:00:00+00:00,long,100,max_open_cluster:crypto_beta
ANKRUSDT,4h,1203,2024-07-19T12:00:00+00:00,long,100,max_open_cluster:crypto_beta
ARUSDT,4h,1203,2024-07-19T12:00:00+00:00,long,100,max_open_cluster:crypto_beta
BANDUSDT,4h,1203,2024-07-19T12:00:00+00:00,long,100,max_open_cluster:crypto_beta
ANKRUSDT,4h,1204,2024-07-19T16:00:00+00:00,long,100,max_open_cluster:crypto_beta
ARUSDT,4h,1204,2024-07-19T16:00:00+00:00,long,100,max_open_cluster:crypto_beta
BANDUSDT,4h,1204,2024-07-19T16:00:00+00:00,long,100,max_open_cluster:crypto_beta
GMXUSDT,4h,1204,2024-07-19T16:00:00+00:00,long,100,max_open_cluster:crypto_beta
JOEUSDT,4h,1204,2024-07-19T16:00:00+00:00,long,100,max_open_cluster:crypto_beta
MASKUSDT,4h,1204,2024-07-19T16:00:00+00:00,long,100,max_open_cluster:crypto_beta
ZILUSDT,4h,1204,2024-07-19T16:00:00+00:00,long,100,max_open_cluster:crypto_beta
ARUSDT,4h,1205,2024-07-19T20:00:00+00:00,long,100,max_open_cluster:crypto_beta
GMXUSDT,4h,1206,2024-07-20T00:00:00+00:00,long,100,max_open_cluster:crypto_beta
IOTXUSDT,4h,1207,2024-07-20T04:00:00+00:00,long,100,max_open_cluster:crypto_beta
JOEUSDT,4h,1210,2024-07-20T16:00:00+00:00,long,100,max_open_cluster:crypto_beta
LPTUSDT,4h,1210,2024-07-20T16:00:00+00:00,long,100,max_open_cluster:crypto_beta
JOEUSDT,4h,1211,2024-07-20T20:00:00+00:00,long,100,max_open_cluster:crypto_beta
POWRUSDT,4h,1213,2024-07-21T04:00:00+00:00,long,100,max_open_cluster:crypto_beta
CTSIUSDT,4h,1217,2024-07-21T20:00:00+00:00,long,100,max_open_cluster:crypto_beta
GMTUSDT,4h,1217,2024-07-21T20:00:00+00:00,long,100,max_open_cluster:crypto_beta
WOOUSDT,4h,1217,2024-07-21T20:00:00+00:00,long,100,max_open_cluster:crypto_beta
CVXUSDT,4h,1264,2024-07-29T16:00:00+00:00,long,100,max_open_cluster:crypto_beta
SUNUSDT,4h,1394,2024-08-20T08:00:00+00:00,long,100,max_open_per_symbol
SUNUSDT,4h,1395,2024-08-20T12:00:00+00:00,long,100,max_open_per_symbol
GALAUSDT,4h,1411,2024-08-23T04:00:00+00:00,long,100,max_open_per_symbol
VTHOUSDT,4h,1411,2024-08-23T04:00:00+00:00,long,99,max_open_cluster:crypto_beta
AGLDUSDT,4h,1412,2024-08-23T08:00:00+00:00,long,100,max_open_cluster:crypto_beta
GALAUSDT,4h,1413,2024-08-23T12:00:00+00:00,long,100,max_open_per_symbol
XTZUSDT,4h,1413,2024-08-23T12:00:00+00:00,long,100,max_open_cluster:crypto_beta
YGGUSDT,4h,1413,2024-08-23T12:00:00+00:00,long,100,max_open_cluster:crypto_beta
AGLDUSDT,4h,1414,2024-08-23T16:00:00+00:00,long,100,max_open_cluster:crypto_beta
ALICEUSDT,4h,1414,2024-08-23T16:00:00+00:00,long,100,max_open_cluster:crypto_beta
GALAUSDT,4h,1414,2024-08-23T16:00:00+00:00,long,100,max_open_per_symbol
XTZUSDT,4h,1414,2024-08-23T16:00:00+00:00,long,100,max_open_cluster:crypto_beta
YGGUSDT,4h,1414,2024-08-23T16:00:00+00:00,long,100,max_open_cluster:crypto_beta
OGNUSDT,4h,1430,2024-08-26T08:00:00+00:00,long,100,max_open_cluster:crypto_beta
ICXUSDT,4h,1534,2024-09-12T16:00:00+00:00,long,100,max_open_cluster:crypto_beta
QNTUSDT,4h,1534,2024-09-12T16:00:00+00:00,long,100,max_open_cluster:crypto_beta
QNTUSDT,4h,1535,2024-09-12T20:00:00+00:00,long,100,max_open_cluster:crypto_beta
BLURUSDT,4h,1539,2024-09-13T12:00:00+00:00,long,100,max_open_cluster:crypto_beta
ICXUSDT,4h,1539,2024-09-13T12:00:00+00:00,long,100,max_open_cluster:crypto_beta
JASMYUSDT,4h,1539,2024-09-13T12:00:00+00:00,long,100,max_open_cluster:crypto_beta
JOEUSDT,4h,1539,2024-09-13T12:00:00+00:00,long,100,max_open_cluster:crypto_beta
LQTYUSDT,4h,1539,2024-09-13T12:00:00+00:00,long,100,max_open_cluster:crypto_beta
POWRUSDT,4h,1539,2024-09-13T12:00:00+00:00,long,100,max_open_cluster:crypto_beta
SANDUSDT,4h,1539,2024-09-13T12:00:00+00:00,long,100,max_open_cluster:crypto_beta
SNXUSDT,4h,1539,2024-09-13T12:00:00+00:00,long,100,max_open_cluster:crypto_beta
WOOUSDT,4h,1539,2024-09-13T12:00:00+00:00,long,100,max_open_cluster:crypto_beta
POWRUSDT,4h,1540,2024-09-13T16:00:00+00:00,long,100,max_open_cluster:crypto_beta
SNXUSDT,4h,1540,2024-09-13T16:00:00+00:00,long,100,max_open_cluster:crypto_beta
ILVUSDT,4h,1541,2024-09-13T20:00:00+00:00,long,100,max_open_cluster:crypto_beta
JASMYUSDT,4h,1541,2024-09-13T20:00:00+00:00,long,100,max_open_cluster:crypto_beta
SNXUSDT,4h,1541,2024-09-13T20:00:00+00:00,long,100,max_open_cluster:crypto_beta
IOTXUSDT,4h,1549,2024-09-15T04:00:00+00:00,long,99,max_open_cluster:crypto_beta
CKBUSDT,4h,1566,2024-09-18T00:00:00+00:00,long,100,max_open_cluster:crypto_beta
PEOPLEUSDT,4h,1591,2024-09-22T04:00:00+00:00,long,100,max_open_cluster:crypto_beta
LPTUSDT,4h,1596,2024-09-23T00:00:00+00:00,long,100,max_open_cluster:crypto_beta
ANKRUSDT,4h,1597,2024-09-23T04:00:00+00:00,long,100,max_open_per_symbol
VTHOUSDT,4h,1599,2024-09-23T12:00:00+00:00,long,100,max_open_cluster:crypto_beta
HBARUSDT,4h,1600,2024-09-23T16:00:00+00:00,long,100,max_open_cluster:crypto_beta
SSVUSDT,4h,1603,2024-09-24T04:00:00+00:00,long,94,max_open_cluster:crypto_beta
KNCUSDT,4h,1604,2024-09-24T08:00:00+00:00,long,100,max_open_cluster:crypto_beta
MINAUSDT,4h,1604,2024-09-24T08:00:00+00:00,long,100,max_open_cluster:crypto_beta
ZILUSDT,4h,1604,2024-09-24T08:00:00+00:00,long,100,max_open_cluster:crypto_beta
BLURUSDT,4h,1607,2024-09-24T20:00:00+00:00,long,100,max_open_cluster:crypto_beta
MANAUSDT,4h,1607,2024-09-24T20:00:00+00:00,long,100,max_open_cluster:crypto_beta
MINAUSDT,4h,1607,2024-09-24T20:00:00+00:00,long,100,max_open_cluster:crypto_beta
STORJUSDT,4h,1607,2024-09-24T20:00:00+00:00,long,100,max_open_cluster:crypto_beta
WOOUSDT,4h,1607,2024-09-24T20:00:00+00:00,long,100,max_open_cluster:crypto_beta
BLURUSDT,4h,1608,2024-09-25T00:00:00+00:00,long,100,max_open_cluster:crypto_beta
ENSUSDT,4h,1608,2024-09-25T00:00:00+00:00,long,100,max_open_cluster:crypto_beta
MANAUSDT,4h,1608,2024-09-25T00:00:00+00:00,long,100,max_open_cluster:crypto_beta
MINAUSDT,4h,1608,2024-09-25T00:00:00+00:00,long,100,max_open_cluster:crypto_beta
ONTUSDT,4h,1610,2024-09-25T08:00:00+00:00,long,100,max_open_cluster:crypto_beta
PEOPLEUSDT,4h,1612,2024-09-25T16:00:00+00:00,long,100,max_open_cluster:crypto_beta
PEOPLEUSDT,4h,1614,2024-09-26T00:00:00+00:00,long,100,max_open_cluster:crypto_beta
AGLDUSDT,4h,1615,2024-09-26T04:00:00+00:00,long,100,max_open_cluster:crypto_beta
AXSUSDT,4h,1615,2024-09-26T04:00:00+00:00,long,100,max_open_cluster:crypto_beta
FLOKIUSDT,4h,1616,2024-09-26T08:00:00+00:00,long,98,max_open_cluster:crypto_beta
IOTXUSDT,4h,1616,2024-09-26T08:00:00+00:00,long,100,max_open_cluster:crypto_beta
ONTUSDT,4h,1616,2024-09-26T08:00:00+00:00,long,100,max_open_cluster:crypto_beta
WOOUSDT,4h,1616,2024-09-26T08:00:00+00:00,long,95,max_open_cluster:crypto_beta
ZILUSDT,4h,1616,2024-09-26T08:00:00+00:00,long,100,max_open_cluster:crypto_beta
AXSUSDT,4h,1617,2024-09-26T12:00:00+00:00,long,100,max_open_cluster:crypto_beta
DYDXUSDT,4h,1617,2024-09-26T12:00:00+00:00,long,98,max_open_cluster:crypto_beta
EGLDUSDT,4h,1617,2024-09-26T12:00:00+00:00,long,100,max_open_cluster:crypto_beta
JASMYUSDT,4h,1617,2024-09-26T12:00:00+00:00,long,100,max_open_cluster:crypto_beta
MANAUSDT,4h,1617,2024-09-26T12:00:00+00:00,long,100,max_open_cluster:crypto_beta
ONTUSDT,4h,1617,2024-09-26T12:00:00+00:00,long,100,max_open_cluster:crypto_beta
TLMUSDT,4h,1617,2024-09-26T12:00:00+00:00,long,100,max_open_cluster:crypto_beta
ZILUSDT,4h,1617,2024-09-26T12:00:00+00:00,long,100,max_open_cluster:crypto_beta
IOSTUSDT,4h,1620,2024-09-27T00:00:00+00:00,long,100,max_open_cluster:crypto_beta
VTHOUSDT,4h,1620,2024-09-27T00:00:00+00:00,long,100,max_open_cluster:crypto_beta
XTZUSDT,4h,1620,2024-09-27T00:00:00+00:00,long,100,max_open_cluster:crypto_beta
ZENUSDT,4h,1620,2024-09-27T00:00:00+00:00,long,98,max_open_cluster:crypto_beta
ILVUSDT,4h,1621,2024-09-27T04:00:00+00:00,long,100,max_open_cluster:crypto_beta
ONEUSDT,4h,1621,2024-09-27T04:00:00+00:00,long,100,max_open_cluster:crypto_beta
ROSEUSDT,4h,1621,2024-09-27T04:00:00+00:00,long,100,max_open_cluster:crypto_beta
SPELLUSDT,4h,1621,2024-09-27T04:00:00+00:00,long,100,max_open_cluster:crypto_beta
TLMUSDT,4h,1621,2024-09-27T04:00:00+00:00,long,100,max_open_cluster:crypto_beta
ILVUSDT,4h,1623,2024-09-27T12:00:00+00:00,long,100,max_open_cluster:crypto_beta
LDOUSDT,4h,1623,2024-09-27T12:00:00+00:00,long,100,max_open_cluster:crypto_beta
ILVUSDT,4h,1624,2024-09-27T16:00:00+00:00,long,100,max_open_cluster:crypto_beta
ILVUSDT,4h,1625,2024-09-27T20:00:00+00:00,long,100,max_open_cluster:crypto_beta
CHZUSDT,4h,1636,2024-09-29T16:00:00+00:00,long,100,max_open_cluster:crypto_beta
XTZUSDT,4h,1725,2024-10-14T12:00:00+00:00,long,100,max_open_cluster:crypto_beta
KAVAUSDT,4h,1727,2024-10-14T20:00:00+00:00,long,100,max_open_cluster:crypto_beta
AGLDUSDT,4h,1728,2024-10-15T00:00:00+00:00,long,99,max_open_per_symbol
STORJUSDT,4h,1748,2024-10-18T08:00:00+00:00,long,100,max_open_per_symbol
AGLDUSDT,4h,1760,2024-10-20T08:00:00+00:00,long,100,max_open_per_symbol
AGLDUSDT,4h,1761,2024-10-20T12:00:00+00:00,long,100,max_open_per_symbol
DYDXUSDT,4h,1880,2024-11-09T08:00:00+00:00,long,100,max_open_per_symbol
AGLDUSDT,4h,1884,2024-11-10T00:00:00+00:00,long,100,max_open_cluster:crypto_beta
AXSUSDT,4h,1884,2024-11-10T00:00:00+00:00,long,100,max_open_cluster:crypto_beta
JASMYUSDT,4h,1884,2024-11-10T00:00:00+00:00,long,100,max_open_cluster:crypto_beta
ZENUSDT,4h,1884,2024-11-10T00:00:00+00:00,long,100,max_open_cluster:crypto_beta
ZILUSDT,4h,1884,2024-11-10T00:00:00+00:00,long,95,max_open_cluster:crypto_beta
ZENUSDT,4h,1885,2024-11-10T04:00:00+00:00,long,100,max_open_cluster:crypto_beta
ZILUSDT,4h,1885,2024-11-10T04:00:00+00:00,long,100,max_open_cluster:crypto_beta
AXSUSDT,4h,1886,2024-11-10T08:00:00+00:00,long,100,max_open_cluster:crypto_beta
JASMYUSDT,4h,1886,2024-11-10T08:00:00+00:00,long,100,max_open_cluster:crypto_beta
POWRUSDT,4h,1886,2024-11-10T08:00:00+00:00,long,100,max_open_per_symbol
SKLUSDT,4h,1886,2024-11-10T08:00:00+00:00,long,100,max_open_cluster:crypto_beta
YFIUSDT,4h,1886,2024-11-10T08:00:00+00:00,long,100,max_open_cluster:crypto_beta
JASMYUSDT,4h,1887,2024-11-10T12:00:00+00:00,long,100,max_open_cluster:crypto_beta
POWRUSDT,4h,1887,2024-11-10T12:00:00+00:00,long,100,max_open_per_symbol
SKLUSDT,4h,1887,2024-11-10T12:00:00+00:00,long,100,max_open_cluster:crypto_beta
GLMRUSDT,4h,1895,2024-11-11T20:00:00+00:00,long,100,max_open_cluster:crypto_beta
WOOUSDT,4h,1922,2024-11-16T08:00:00+00:00,long,100,max_open_cluster:crypto_beta
THETAUSDT,4h,1961,2024-11-22T20:00:00+00:00,long,100,max_open_cluster:crypto_beta
ILVUSDT,4h,1962,2024-11-23T00:00:00+00:00,long,99,max_open_cluster:crypto_beta
MAGICUSDT,4h,1962,2024-11-23T00:00:00+00:00,long,100,max_open_cluster:crypto_beta
CVXUSDT,4h,1963,2024-11-23T04:00:00+00:00,long,100,max_open_cluster:crypto_beta
ILVUSDT,4h,1963,2024-11-23T04:00:00+00:00,long,100,max_open_cluster:crypto_beta
POWRUSDT,4h,1963,2024-11-23T04:00:00+00:00,long,100,max_open_cluster:crypto_beta
THETAUSDT,4h,1963,2024-11-23T04:00:00+00:00,long,100,max_open_cluster:crypto_beta
ILVUSDT,4h,1964,2024-11-23T08:00:00+00:00,long,100,max_open_cluster:crypto_beta
THETAUSDT,4h,1964,2024-11-23T08:00:00+00:00,long,100,max_open_cluster:crypto_beta
ILVUSDT,4h,1965,2024-11-23T12:00:00+00:00,long,100,max_open_cluster:crypto_beta
MAGICUSDT,4h,1965,2024-11-23T12:00:00+00:00,long,100,max_open_cluster:crypto_beta
POWRUSDT,4h,1965,2024-11-23T12:00:00+00:00,long,100,max_open_cluster:crypto_beta
POWRUSDT,4h,1968,2024-11-24T00:00:00+00:00,long,100,max_open_cluster:crypto_beta
XTZUSDT,4h,1968,2024-11-24T00:00:00+00:00,long,100,max_open_cluster:crypto_beta
CRVUSDT,4h,1976,2024-11-25T08:00:00+00:00,long,100,max_open_cluster:crypto_beta
CVXUSDT,4h,1977,2024-11-25T12:00:00+00:00,long,100,max_open_cluster:crypto_beta
MASKUSDT,4h,1987,2024-11-27T04:00:00+00:00,long,100,max_open_cluster:crypto_beta
MASKUSDT,4h,1988,2024-11-27T08:00:00+00:00,long,99,max_open_cluster:crypto_beta
ZENUSDT,4h,1988,2024-11-27T08:00:00+00:00,long,100,max_open_cluster:crypto_beta
ANKRUSDT,4h,1989,2024-11-27T12:00:00+00:00,long,96,max_open_cluster:crypto_beta
BATUSDT,4h,1989,2024-11-27T12:00:00+00:00,long,100,max_open_cluster:crypto_beta
ZENUSDT,4h,1989,2024-11-27T12:00:00+00:00,long,100,max_open_cluster:crypto_beta
LPTUSDT,4h,1991,2024-11-27T20:00:00+00:00,long,100,max_open_cluster:crypto_beta
RADUSDT,4h,1995,2024-11-28T12:00:00+00:00,long,100,max_open_cluster:crypto_beta
CKBUSDT,4h,1996,2024-11-28T16:00:00+00:00,long,100,max_open_cluster:crypto_beta
CTSIUSDT,4h,1996,2024-11-28T16:00:00+00:00,long,100,max_open_cluster:crypto_beta
GLMRUSDT,4h,1996,2024-11-28T16:00:00+00:00,long,100,max_open_cluster:crypto_beta
GLMRUSDT,4h,1997,2024-11-28T20:00:00+00:00,long,100,max_open_cluster:crypto_beta
THETAUSDT,4h,1997,2024-11-28T20:00:00+00:00,long,100,max_open_cluster:crypto_beta
BANDUSDT,4h,2000,2024-11-29T08:00:00+00:00,long,100,max_open_cluster:crypto_beta
BATUSDT,4h,2000,2024-11-29T08:00:00+00:00,long,100,max_open_cluster:crypto_beta
KNCUSDT,4h,2000,2024-11-29T08:00:00+00:00,long,100,max_open_cluster:crypto_beta
BATUSDT,4h,2001,2024-11-29T12:00:00+00:00,long,100,max_open_cluster:crypto_beta
ICXUSDT,4h,2001,2024-11-29T12:00:00+00:00,long,100,max_open_cluster:crypto_beta
IOSTUSDT,4h,2001,2024-11-29T12:00:00+00:00,long,100,max_open_cluster:crypto_beta
BATUSDT,4h,2002,2024-11-29T16:00:00+00:00,long,100,max_open_cluster:crypto_beta
ICXUSDT,4h,2002,2024-11-29T16:00:00+00:00,long,100,max_open_cluster:crypto_beta
IOSTUSDT,4h,2002,2024-11-29T16:00:00+00:00,long,100,max_open_cluster:crypto_beta
RADUSDT,4h,2002,2024-11-29T16:00:00+00:00,long,100,max_open_cluster:crypto_beta
THETAUSDT,4h,2002,2024-11-29T16:00:00+00:00,long,100,max_open_cluster:crypto_beta
BATUSDT,4h,2003,2024-11-29T20:00:00+00:00,long,100,max_open_cluster:crypto_beta
HOTUSDT,4h,2003,2024-11-29T20:00:00+00:00,long,100,max_open_cluster:crypto_beta
ICXUSDT,4h,2003,2024-11-29T20:00:00+00:00,long,100,max_open_cluster:crypto_beta
DYDXUSDT,4h,2004,2024-11-30T00:00:00+00:00,long,100,max_open_cluster:crypto_beta
LDOUSDT,4h,2004,2024-11-30T00:00:00+00:00,long,100,max_open_cluster:crypto_beta
PROMUSDT,4h,2004,2024-11-30T00:00:00+00:00,long,100,max_open_cluster:crypto_beta
SSVUSDT,4h,2004,2024-11-30T00:00:00+00:00,long,100,max_open_cluster:crypto_beta
CKBUSDT,4h,2006,2024-11-30T08:00:00+00:00,long,100,max_open_cluster:crypto_beta
HOTUSDT,4h,2006,2024-11-30T08:00:00+00:00,long,100,max_open_cluster:crypto_beta
SNXUSDT,4h,2006,2024-11-30T08:00:00+00:00,long,100,max_open_cluster:crypto_beta
HOTUSDT,4h,2007,2024-11-30T12:00:00+00:00,long,100,max_open_cluster:crypto_beta
PROMUSDT,4h,2007,2024-11-30T12:00:00+00:00,long,100,max_open_cluster:crypto_beta
SNXUSDT,4h,2007,2024-11-30T12:00:00+00:00,long,100,max_open_cluster:crypto_beta
STORJUSDT,4h,2007,2024-11-30T12:00:00+00:00,long,100,max_open_cluster:crypto_beta
DYDXUSDT,4h,2008,2024-11-30T16:00:00+00:00,long,100,max_open_cluster:crypto_beta
IOSTUSDT,4h,2008,2024-11-30T16:00:00+00:00,long,100,max_open_cluster:crypto_beta
SNXUSDT,4h,2008,2024-11-30T16:00:00+00:00,long,100,max_open_cluster:crypto_beta
MASKUSDT,4h,2011,2024-12-01T04:00:00+00:00,long,100,max_open_cluster:crypto_beta
STORJUSDT,4h,2011,2024-12-01T04:00:00+00:00,long,100,max_open_cluster:crypto_beta
SPELLUSDT,4h,2013,2024-12-01T12:00:00+00:00,long,100,max_open_cluster:crypto_beta
KAVAUSDT,4h,2021,2024-12-02T20:00:00+00:00,long,99,max_open_cluster:crypto_beta
ZRXUSDT,4h,2021,2024-12-02T20:00:00+00:00,long,100,max_open_cluster:crypto_beta
SPELLUSDT,4h,2022,2024-12-03T00:00:00+00:00,long,100,max_open_cluster:crypto_beta
BLURUSDT,4h,2028,2024-12-04T00:00:00+00:00,long,100,max_open_cluster:crypto_beta
XTZUSDT,4h,2028,2024-12-04T00:00:00+00:00,long,99,max_open_cluster:crypto_beta
THETAUSDT,4h,2031,2024-12-04T12:00:00+00:00,long,100,max_open_cluster:crypto_beta
FLUXUSDT,4h,2044,2024-12-06T16:00:00+00:00,long,100,max_open_cluster:crypto_beta
LQTYUSDT,4h,2044,2024-12-06T16:00:00+00:00,long,100,max_open_cluster:crypto_beta
MAGICUSDT,4h,2044,2024-12-06T16:00:00+00:00,long,100,max_open_cluster:crypto_beta
MASKUSDT,4h,2044,2024-12-06T16:00:00+00:00,long,99,max_open_cluster:crypto_beta
SUSHIUSDT,4h,2044,2024-12-06T16:00:00+00:00,long,100,max_open_cluster:crypto_beta
LQTYUSDT,4h,2045,2024-12-06T20:00:00+00:00,long,100,max_open_cluster:crypto_beta
ONEUSDT,4h,2045,2024-12-06T20:00:00+00:00,long,100,max_open_cluster:crypto_beta
QNTUSDT,4h,2045,2024-12-06T20:00:00+00:00,long,100,max_open_cluster:crypto_beta
PEOPLEUSDT,4h,2047,2024-12-07T04:00:00+00:00,long,100,max_open_cluster:crypto_beta
AGLDUSDT,4h,2051,2024-12-07T20:00:00+00:00,long,100,max_open_cluster:crypto_beta
GALAUSDT,4h,2051,2024-12-07T20:00:00+00:00,long,100,max_open_cluster:crypto_beta
COMPUSDT,4h,2054,2024-12-08T08:00:00+00:00,long,100,max_open_cluster:crypto_beta
TLMUSDT,4h,2056,2024-12-08T16:00:00+00:00,long,100,max_open_cluster:crypto_beta
PROMUSDT,4h,2057,2024-12-08T20:00:00+00:00,long,100,max_open_cluster:crypto_beta
TLMUSDT,4h,2057,2024-12-08T20:00:00+00:00,long,100,max_open_cluster:crypto_beta
PEOPLEUSDT,4h,2211,2025-01-03T12:00:00+00:00,long,100,max_open_cluster:crypto_beta
FLOKIUSDT,4h,2212,2025-01-03T16:00:00+00:00,long,100,max_open_per_symbol
PEOPLEUSDT,4h,2215,2025-01-04T04:00:00+00:00,long,100,max_open_cluster:crypto_beta
SPELLUSDT,4h,2224,2025-01-05T16:00:00+00:00,long,100,max_open_cluster:crypto_beta
AXSUSDT,4h,2226,2025-01-06T00:00:00+00:00,long,100,max_open_cluster:crypto_beta
CHZUSDT,4h,2226,2025-01-06T00:00:00+00:00,long,99,max_open_cluster:crypto_beta
SANDUSDT,4h,2226,2025-01-06T00:00:00+00:00,long,100,max_open_cluster:crypto_beta
THETAUSDT,4h,2228,2025-01-06T08:00:00+00:00,long,100,max_open_cluster:crypto_beta
AXSUSDT,4h,2229,2025-01-06T12:00:00+00:00,long,100,max_open_cluster:crypto_beta
BANDUSDT,4h,2229,2025-01-06T12:00:00+00:00,long,100,max_open_cluster:crypto_beta
CHZUSDT,4h,2229,2025-01-06T12:00:00+00:00,long,100,max_open_cluster:crypto_beta
EGLDUSDT,4h,2229,2025-01-06T12:00:00+00:00,long,100,max_open_cluster:crypto_beta
FLUXUSDT,4h,2229,2025-01-06T12:00:00+00:00,long,100,max_open_cluster:crypto_beta
GALAUSDT,4h,2229,2025-01-06T12:00:00+00:00,long,100,max_open_cluster:crypto_beta
MASKUSDT,4h,2229,2025-01-06T12:00:00+00:00,long,100,max_open_cluster:crypto_beta
MINAUSDT,4h,2229,2025-01-06T12:00:00+00:00,long,100,max_open_cluster:crypto_beta
PEOPLEUSDT,4h,2229,2025-01-06T12:00:00+00:00,long,100,max_open_cluster:crypto_beta
SNXUSDT,4h,2229,2025-01-06T12:00:00+00:00,long,100,max_open_cluster:crypto_beta
THETAUSDT,4h,2229,2025-01-06T12:00:00+00:00,long,100,max_open_cluster:crypto_beta
YGGUSDT,4h,2229,2025-01-06T12:00:00+00:00,long,100,max_open_cluster:crypto_beta
ZILUSDT,4h,2229,2025-01-06T12:00:00+00:00,long,100,max_open_cluster:crypto_beta
AXSUSDT,4h,2230,2025-01-06T16:00:00+00:00,long,100,max_open_cluster:crypto_beta
SUNUSDT,4h,2230,2025-01-06T16:00:00+00:00,long,100,max_open_cluster:crypto_beta
SUNUSDT,4h,2231,2025-01-06T20:00:00+00:00,long,100,max_open_cluster:crypto_beta
KNCUSDT,4h,2479,2025-02-17T04:00:00+00:00,long,100,max_open_per_symbol
KAVAUSDT,4h,2658,2025-03-19T00:00:00+00:00,long,100,max_open_per_symbol
SSVUSDT,4h,2682,2025-03-23T00:00:00+00:00,long,100,max_open_cluster:crypto_beta
MASKUSDT,4h,2689,2025-03-24T04:00:00+00:00,long,100,max_open_cluster:crypto_beta
MASKUSDT,4h,2690,2025-03-24T08:00:00+00:00,long,100,max_open_cluster:crypto_beta
PEOPLEUSDT,4h,2690,2025-03-24T08:00:00+00:00,long,100,max_open_cluster:crypto_beta
LDOUSDT,4h,2691,2025-03-24T12:00:00+00:00,long,100,max_open_per_symbol
AGLDUSDT,4h,2697,2025-03-25T12:00:00+00:00,long,100,max_open_cluster:crypto_beta
ARUSDT,4h,2697,2025-03-25T12:00:00+00:00,long,100,max_open_cluster:crypto_beta
AGLDUSDT,4h,2698,2025-03-25T16:00:00+00:00,long,100,max_open_cluster:crypto_beta
AGLDUSDT,4h,2699,2025-03-25T20:00:00+00:00,long,100,max_open_cluster:crypto_beta
BLURUSDT,4h,2701,2025-03-26T04:00:00+00:00,long,100,max_open_cluster:crypto_beta
CRVUSDT,4h,2701,2025-03-26T04:00:00+00:00,long,100,max_open_cluster:crypto_beta
CVXUSDT,4h,2701,2025-03-26T04:00:00+00:00,long,100,max_open_cluster:crypto_beta
CRVUSDT,4h,2702,2025-03-26T08:00:00+00:00,long,96,max_open_cluster:crypto_beta
GMXUSDT,4h,2805,2025-04-12T12:00:00+00:00,long,100,max_open_per_symbol
ANKRUSDT,4h,2867,2025-04-22T20:00:00+00:00,long,100,max_open_cluster:crypto_beta
ROSEUSDT,4h,2867,2025-04-22T20:00:00+00:00,long,97,max_open_cluster:crypto_beta
ZILUSDT,4h,2867,2025-04-22T20:00:00+00:00,long,97,max_open_per_symbol
ILVUSDT,4h,2868,2025-04-23T00:00:00+00:00,long,100,max_open_cluster:crypto_beta
IOSTUSDT,4h,2868,2025-04-23T00:00:00+00:00,long,100,max_open_cluster:crypto_beta
PEOPLEUSDT,4h,2868,2025-04-23T00:00:00+00:00,long,100,max_open_cluster:crypto_beta
ROSEUSDT,4h,2868,2025-04-23T00:00:00+00:00,long,99,max_open_cluster:crypto_beta
ROSEUSDT,4h,2869,2025-04-23T04:00:00+00:00,long,92,max_open_cluster:crypto_beta
GALAUSDT,4h,2879,2025-04-24T20:00:00+00:00,long,97,max_open_cluster:crypto_beta
TLMUSDT,4h,2879,2025-04-24T20:00:00+00:00,long,100,max_open_cluster:crypto_beta
BATUSDT,4h,2880,2025-04-25T00:00:00+00:00,long,97,max_open_cluster:crypto_beta
CHZUSDT,4h,2881,2025-04-25T04:00:00+00:00,long,100,max_open_cluster:crypto_beta
CKBUSDT,4h,2881,2025-04-25T04:00:00+00:00,long,100,max_open_cluster:crypto_beta
KNCUSDT,4h,2881,2025-04-25T04:00:00+00:00,long,99,max_open_cluster:crypto_beta
ZILUSDT,4h,2881,2025-04-25T04:00:00+00:00,long,100,max_open_per_symbol
CKBUSDT,4h,2882,2025-04-25T08:00:00+00:00,long,100,max_open_cluster:crypto_beta
MANAUSDT,4h,2883,2025-04-25T12:00:00+00:00,long,100,max_open_cluster:crypto_beta
IOTXUSDT,4h,2885,2025-04-25T20:00:00+00:00,long,100,max_open_cluster:crypto_beta
ICXUSDT,4h,2886,2025-04-26T00:00:00+00:00,long,99,max_open_cluster:crypto_beta
UMAUSDT,4h,2886,2025-04-26T00:00:00+00:00,long,100,max_open_cluster:crypto_beta
YGGUSDT,4h,2886,2025-04-26T00:00:00+00:00,long,100,max_open_cluster:crypto_beta
RADUSDT,4h,2889,2025-04-26T12:00:00+00:00,long,100,max_open_cluster:crypto_beta
MASKUSDT,4h,2890,2025-04-26T16:00:00+00:00,long,100,max_open_cluster:crypto_beta
FLOKIUSDT,4h,2902,2025-04-28T16:00:00+00:00,long,100,max_open_cluster:crypto_beta
BANDUSDT,4h,2903,2025-04-28T20:00:00+00:00,long,97,max_open_cluster:crypto_beta
FLOKIUSDT,4h,2903,2025-04-28T20:00:00+00:00,long,100,max_open_cluster:crypto_beta
FLUXUSDT,4h,2904,2025-04-29T00:00:00+00:00,long,100,max_open_cluster:crypto_beta
BANDUSDT,4h,2905,2025-04-29T04:00:00+00:00,long,98,max_open_cluster:crypto_beta
FLUXUSDT,4h,2905,2025-04-29T04:00:00+00:00,long,100,max_open_cluster:crypto_beta
ZECUSDT,4h,2921,2025-05-01T20:00:00+00:00,long,100,max_open_cluster:crypto_beta
SUNUSDT,4h,2984,2025-05-12T08:00:00+00:00,long,100,max_open_cluster:crypto_beta
PEOPLEUSDT,4h,2991,2025-05-13T12:00:00+00:00,long,100,max_open_cluster:crypto_beta
LPTUSDT,4h,2992,2025-05-13T16:00:00+00:00,long,100,max_open_cluster:crypto_beta
LQTYUSDT,4h,2992,2025-05-13T16:00:00+00:00,long,100,max_open_per_symbol
MASKUSDT,4h,3044,2025-05-22T08:00:00+00:00,long,100,max_open_per_symbol
MASKUSDT,4h,3135,2025-06-06T12:00:00+00:00,long,100,max_open_per_symbol
COMPUSDT,4h,3147,2025-06-08T12:00:00+00:00,long,100,max_open_cluster:crypto_beta
ICXUSDT,4h,3150,2025-06-09T00:00:00+00:00,long,100,max_open_per_symbol
RVNUSDT,4h,3150,2025-06-09T00:00:00+00:00,long,100,max_open_per_symbol
RVNUSDT,4h,3151,2025-06-09T04:00:00+00:00,long,100,max_open_per_symbol
ICXUSDT,4h,3152,2025-06-09T08:00:00+00:00,long,100,max_open_per_symbol
RVNUSDT,4h,3155,2025-06-09T20:00:00+00:00,long,100,max_open_per_symbol
RVNUSDT,4h,3156,2025-06-10T00:00:00+00:00,long,100,max_open_per_symbol
THETAUSDT,4h,3295,2025-07-03T04:00:00+00:00,long,100,max_open_cluster:crypto_beta
ZENUSDT,4h,3341,2025-07-10T20:00:00+00:00,long,100,max_open_cluster:crypto_beta
JASMYUSDT,4h,3356,2025-07-13T08:00:00+00:00,long,92,max_open_cluster:crypto_beta
ARUSDT,4h,3357,2025-07-13T12:00:00+00:00,long,100,max_open_cluster:crypto_beta
BANDUSDT,4h,3357,2025-07-13T12:00:00+00:00,long,100,max_open_cluster:crypto_beta
GLMRUSDT,4h,3357,2025-07-13T12:00:00+00:00,long,100,max_open_cluster:crypto_beta
JASMYUSDT,4h,3357,2025-07-13T12:00:00+00:00,long,100,max_open_cluster:crypto_beta
JOEUSDT,4h,3357,2025-07-13T12:00:00+00:00,long,100,max_open_cluster:crypto_beta
SKLUSDT,4h,3357,2025-07-13T12:00:00+00:00,long,100,max_open_cluster:crypto_beta
ARUSDT,4h,3358,2025-07-13T16:00:00+00:00,long,100,max_open_cluster:crypto_beta
CKBUSDT,4h,3359,2025-07-13T20:00:00+00:00,long,100,max_open_cluster:crypto_beta
ALICEUSDT,4h,3360,2025-07-14T00:00:00+00:00,long,100,max_open_cluster:crypto_beta
BANDUSDT,4h,3360,2025-07-14T00:00:00+00:00,long,100,max_open_cluster:crypto_beta
CHZUSDT,4h,3360,2025-07-14T00:00:00+00:00,long,97,max_open_cluster:crypto_beta
CKBUSDT,4h,3360,2025-07-14T00:00:00+00:00,long,100,max_open_cluster:crypto_beta
COMPUSDT,4h,3360,2025-07-14T00:00:00+00:00,long,100,max_open_cluster:crypto_beta
DYDXUSDT,4h,3360,2025-07-14T00:00:00+00:00,long,100,max_open_cluster:crypto_beta
EGLDUSDT,4h,3360,2025-07-14T00:00:00+00:00,long,97,max_open_cluster:crypto_beta
ENSUSDT,4h,3360,2025-07-14T00:00:00+00:00,long,100,max_open_cluster:crypto_beta
GALAUSDT,4h,3360,2025-07-14T00:00:00+00:00,long,100,max_open_per_symbol
HOTUSDT,4h,3360,2025-07-14T00:00:00+00:00,long,98,max_open_cluster:crypto_beta
ILVUSDT,4h,3360,2025-07-14T00:00:00+00:00,long,100,max_open_cluster:crypto_beta
KSMUSDT,4h,3360,2025-07-14T00:00:00+00:00,long,100,max_open_cluster:crypto_beta
LDOUSDT,4h,3360,2025-07-14T00:00:00+00:00,long,100,max_open_cluster:crypto_beta
MINAUSDT,4h,3360,2025-07-14T00:00:00+00:00,long,100,max_open_cluster:crypto_beta
QNTUSDT,4h,3360,2025-07-14T00:00:00+00:00,long,100,max_open_cluster:crypto_beta
ROSEUSDT,4h,3360,2025-07-14T00:00:00+00:00,long,98,max_open_cluster:crypto_beta
SSVUSDT,4h,3360,2025-07-14T00:00:00+00:00,long,100,max_open_cluster:crypto_beta
SUSHIUSDT,4h,3360,2025-07-14T00:00:00+00:00,long,100,max_open_cluster:crypto_beta
TLMUSDT,4h,3360,2025-07-14T00:00:00+00:00,long,100,max_open_cluster:crypto_beta
YGGUSDT,4h,3360,2025-07-14T00:00:00+00:00,long,100,max_open_cluster:crypto_beta
CKBUSDT,4h,3361,2025-07-14T04:00:00+00:00,long,100,max_open_cluster:crypto_beta
EGLDUSDT,4h,3361,2025-07-14T04:00:00+00:00,long,99,max_open_cluster:crypto_beta
HOTUSDT,4h,3361,2025-07-14T04:00:00+00:00,long,100,max_open_cluster:crypto_beta
KAVAUSDT,4h,3361,2025-07-14T04:00:00+00:00,long,100,max_open_cluster:crypto_beta
KSMUSDT,4h,3361,2025-07-14T04:00:00+00:00,long,100,max_open_cluster:crypto_beta
YFIUSDT,4h,3361,2025-07-14T04:00:00+00:00,long,95,max_open_cluster:crypto_beta
SKLUSDT,4h,3364,2025-07-14T16:00:00+00:00,long,100,max_open_cluster:crypto_beta
LDOUSDT,4h,3373,2025-07-16T04:00:00+00:00,long,96,max_open_cluster:crypto_beta
HBARUSDT,4h,3380,2025-07-17T08:00:00+00:00,long,100,max_open_cluster:crypto_beta
HBARUSDT,4h,3383,2025-07-17T20:00:00+00:00,long,100,max_open_cluster:crypto_beta
BATUSDT,4h,3384,2025-07-18T00:00:00+00:00,long,100,max_open_cluster:crypto_beta
COMPUSDT,4h,3384,2025-07-18T00:00:00+00:00,long,100,max_open_cluster:crypto_beta
CTSIUSDT,4h,3384,2025-07-18T00:00:00+00:00,long,100,max_open_cluster:crypto_beta
JASMYUSDT,4h,3384,2025-07-18T00:00:00+00:00,long,97,max_open_cluster:crypto_beta
SANDUSDT,4h,3384,2025-07-18T00:00:00+00:00,long,100,max_open_cluster:crypto_beta
ANKRUSDT,4h,3398,2025-07-20T08:00:00+00:00,long,100,max_open_cluster:crypto_beta
ARUSDT,4h,3398,2025-07-20T08:00:00+00:00,long,100,max_open_cluster:crypto_beta
BANDUSDT,4h,3398,2025-07-20T08:00:00+00:00,long,99,max_open_cluster:crypto_beta
CHZUSDT,4h,3398,2025-07-20T08:00:00+00:00,long,97,max_open_cluster:crypto_beta
DYDXUSDT,4h,3398,2025-07-20T08:00:00+00:00,long,100,max_open_cluster:crypto_beta
ICXUSDT,4h,3398,2025-07-20T08:00:00+00:00,long,100,max_open_cluster:crypto_beta
ILVUSDT,4h,3398,2025-07-20T08:00:00+00:00,long,100,max_open_cluster:crypto_beta
MINAUSDT,4h,3398,2025-07-20T08:00:00+00:00,long,100,max_open_cluster:crypto_beta
OGNUSDT,4h,3398,2025-07-20T08:00:00+00:00,long,100,max_open_cluster:crypto_beta
ONEUSDT,4h,3398,2025-07-20T08:00:00+00:00,long,100,max_open_cluster:crypto_beta
SSVUSDT,4h,3398,2025-07-20T08:00:00+00:00,long,100,max_open_cluster:crypto_beta
THETAUSDT,4h,3398,2025-07-20T08:00:00+00:00,long,100,max_open_cluster:crypto_beta
ANKRUSDT,4h,3399,2025-07-20T12:00:00+00:00,long,100,max_open_cluster:crypto_beta
ARUSDT,4h,3399,2025-07-20T12:00:00+00:00,long,100,max_open_cluster:crypto_beta
BANDUSDT,4h,3399,2025-07-20T12:00:00+00:00,long,100,max_open_cluster:crypto_beta
CHZUSDT,4h,3399,2025-07-20T12:00:00+00:00,long,100,max_open_cluster:crypto_beta
CTSIUSDT,4h,3399,2025-07-20T12:00:00+00:00,long,100,max_open_cluster:crypto_beta
DYDXUSDT,4h,3399,2025-07-20T12:00:00+00:00,long,100,max_open_cluster:crypto_beta
ENSUSDT,4h,3399,2025-07-20T12:00:00+00:00,long,100,max_open_cluster:crypto_beta
GMTUSDT,4h,3399,2025-07-20T12:00:00+00:00,long,100,max_open_cluster:crypto_beta
ICXUSDT,4h,3399,2025-07-20T12:00:00+00:00,long,100,max_open_cluster:crypto_beta
ILVUSDT,4h,3399,2025-07-20T12:00:00+00:00,long,100,max_open_cluster:crypto_beta
KSMUSDT,4h,3399,2025-07-20T12:00:00+00:00,long,100,max_open_cluster:crypto_beta
MANAUSDT,4h,3399,2025-07-20T12:00:00+00:00,long,100,max_open_cluster:crypto_beta
MINAUSDT,4h,3399,2025-07-20T12:00:00+00:00,long,100,max_open_cluster:crypto_beta
ONTUSDT,4h,3399,2025-07-20T12:00:00+00:00,long,100,max_open_cluster:crypto_beta
PEOPLEUSDT,4h,3399,2025-07-20T12:00:00+00:00,long,100,max_open_per_symbol
SPELLUSDT,4h,3399,2025-07-20T12:00:00+00:00,long,100,max_open_cluster:crypto_beta
SSVUSDT,4h,3399,2025-07-20T12:00:00+00:00,long,100,max_open_cluster:crypto_beta
THETAUSDT,4h,3399,2025-07-20T12:00:00+00:00,long,100,max_open_cluster:crypto_beta
TLMUSDT,4h,3399,2025-07-20T12:00:00+00:00,long,100,max_open_cluster:crypto_beta
ZENUSDT,4h,3399,2025-07-20T12:00:00+00:00,long,100,max_open_cluster:crypto_beta
ZILUSDT,4h,3399,2025-07-20T12:00:00+00:00,long,100,max_open_cluster:crypto_beta
ARUSDT,4h,3400,2025-07-20T16:00:00+00:00,long,100,max_open_cluster:crypto_beta
CTSIUSDT,4h,3400,2025-07-20T16:00:00+00:00,long,100,max_open_cluster:crypto_beta
SPELLUSDT,4h,3400,2025-07-20T16:00:00+00:00,long,100,max_open_cluster:crypto_beta
TLMUSDT,4h,3400,2025-07-20T16:00:00+00:00,long,100,max_open_cluster:crypto_beta
ZENUSDT,4h,3400,2025-07-20T16:00:00+00:00,long,100,max_open_cluster:crypto_beta
ARUSDT,4h,3401,2025-07-20T20:00:00+00:00,long,100,max_open_cluster:crypto_beta
PYRUSDT,4h,3401,2025-07-20T20:00:00+00:00,long,100,max_open_cluster:crypto_beta
CHZUSDT,4h,3402,2025-07-21T00:00:00+00:00,long,98,max_open_cluster:crypto_beta
GMTUSDT,4h,3402,2025-07-21T00:00:00+00:00,long,100,max_open_cluster:crypto_beta
KSMUSDT,4h,3402,2025-07-21T00:00:00+00:00,long,100,max_open_cluster:crypto_beta
RAREUSDT,4h,3403,2025-07-21T04:00:00+00:00,long,100,max_open_cluster:crypto_beta
RAREUSDT,4h,3404,2025-07-21T08:00:00+00:00,long,100,max_open_cluster:crypto_beta
IOTXUSDT,4h,3415,2025-07-23T04:00:00+00:00,long,100,max_open_cluster:crypto_beta
ILVUSDT,4h,3445,2025-07-28T04:00:00+00:00,long,100,max_open_cluster:crypto_beta
SUNUSDT,4h,3451,2025-07-29T04:00:00+00:00,long,100,max_open_cluster:crypto_beta
MAGICUSDT,4h,3489,2025-08-04T12:00:00+00:00,long,100,max_open_per_symbol
RAREUSDT,4h,3507,2025-08-07T12:00:00+00:00,long,100,max_open_cluster:crypto_beta
IOTXUSDT,4h,3510,2025-08-08T00:00:00+00:00,long,100,max_open_per_symbol
IOTXUSDT,4h,3511,2025-08-08T04:00:00+00:00,long,100,max_open_per_symbol
PYRUSDT,4h,3520,2025-08-09T16:00:00+00:00,long,100,max_open_cluster:crypto_beta
JASMYUSDT,4h,3528,2025-08-11T00:00:00+00:00,long,100,max_open_cluster:crypto_beta
RVNUSDT,4h,3546,2025-08-14T00:00:00+00:00,long,100,max_open_cluster:crypto_beta
UMAUSDT,4h,3602,2025-08-23T08:00:00+00:00,long,100,max_open_per_symbol
RADUSDT,4h,3603,2025-08-23T12:00:00+00:00,long,100,max_open_cluster:crypto_beta
ILVUSDT,4h,3715,2025-09-11T04:00:00+00:00,long,100,max_open_per_symbol
MAGICUSDT,4h,3715,2025-09-11T04:00:00+00:00,long,100,max_open_per_symbol
CRVUSDT,4h,3718,2025-09-11T16:00:00+00:00,long,100,max_open_cluster:crypto_beta
CRVUSDT,4h,3719,2025-09-11T20:00:00+00:00,long,100,max_open_cluster:crypto_beta
FLOKIUSDT,4h,3719,2025-09-11T20:00:00+00:00,long,100,max_open_cluster:crypto_beta
SUSHIUSDT,4h,3719,2025-09-11T20:00:00+00:00,long,100,max_open_cluster:crypto_beta
TRBUSDT,4h,3719,2025-09-11T20:00:00+00:00,long,100,max_open_cluster:crypto_beta
ANKRUSDT,4h,3724,2025-09-12T16:00:00+00:00,long,100,max_open_cluster:crypto_beta
CHZUSDT,4h,3724,2025-09-12T16:00:00+00:00,long,100,max_open_cluster:crypto_beta
COMPUSDT,4h,3724,2025-09-12T16:00:00+00:00,long,99,max_open_cluster:crypto_beta
KSMUSDT,4h,3724,2025-09-12T16:00:00+00:00,long,100,max_open_cluster:crypto_beta
LQTYUSDT,4h,3724,2025-09-12T16:00:00+00:00,long,100,max_open_cluster:crypto_beta
MINAUSDT,4h,3724,2025-09-12T16:00:00+00:00,long,100,max_open_cluster:crypto_beta
PEOPLEUSDT,4h,3724,2025-09-12T16:00:00+00:00,long,100,max_open_cluster:crypto_beta
ROSEUSDT,4h,3724,2025-09-12T16:00:00+00:00,long,100,max_open_cluster:crypto_beta
SANDUSDT,4h,3724,2025-09-12T16:00:00+00:00,long,100,max_open_cluster:crypto_beta
STORJUSDT,4h,3724,2025-09-12T16:00:00+00:00,long,100,max_open_cluster:crypto_beta
THETAUSDT,4h,3724,2025-09-12T16:00:00+00:00,long,100,max_open_cluster:crypto_beta
VTHOUSDT,4h,3724,2025-09-12T16:00:00+00:00,long,100,max_open_cluster:crypto_beta
YFIUSDT,4h,3724,2025-09-12T16:00:00+00:00,long,100,max_open_cluster:crypto_beta
ZENUSDT,4h,3724,2025-09-12T16:00:00+00:00,long,100,max_open_cluster:crypto_beta
ANKRUSDT,4h,3725,2025-09-12T20:00:00+00:00,long,100,max_open_cluster:crypto_beta
COMPUSDT,4h,3725,2025-09-12T20:00:00+00:00,long,100,max_open_cluster:crypto_beta
IOSTUSDT,4h,3725,2025-09-12T20:00:00+00:00,long,100,max_open_cluster:crypto_beta
SPELLUSDT,4h,3725,2025-09-12T20:00:00+00:00,long,100,max_open_cluster:crypto_beta
STORJUSDT,4h,3725,2025-09-12T20:00:00+00:00,long,100,max_open_cluster:crypto_beta
THETAUSDT,4h,3725,2025-09-12T20:00:00+00:00,long,100,max_open_cluster:crypto_beta
GMTUSDT,4h,3726,2025-09-13T00:00:00+00:00,long,100,max_open_cluster:crypto_beta
KSMUSDT,4h,3726,2025-09-13T00:00:00+00:00,long,100,max_open_cluster:crypto_beta
ONEUSDT,4h,3726,2025-09-13T00:00:00+00:00,long,100,max_open_cluster:crypto_beta
THETAUSDT,4h,3726,2025-09-13T00:00:00+00:00,long,100,max_open_cluster:crypto_beta
ZENUSDT,4h,3726,2025-09-13T00:00:00+00:00,long,99,max_open_cluster:crypto_beta
ALICEUSDT,4h,3727,2025-09-13T04:00:00+00:00,long,100,max_open_cluster:crypto_beta
BATUSDT,4h,3728,2025-09-13T08:00:00+00:00,long,100,max_open_cluster:crypto_beta
CHZUSDT,4h,3728,2025-09-13T08:00:00+00:00,long,100,max_open_cluster:crypto_beta
FLUXUSDT,4h,3728,2025-09-13T08:00:00+00:00,long,100,max_open_cluster:crypto_beta
KSMUSDT,4h,3728,2025-09-13T08:00:00+00:00,long,100,max_open_cluster:crypto_beta
LQTYUSDT,4h,3728,2025-09-13T08:00:00+00:00,long,100,max_open_cluster:crypto_beta
ONEUSDT,4h,3728,2025-09-13T08:00:00+00:00,long,100,max_open_cluster:crypto_beta
BLURUSDT,4h,3729,2025-09-13T12:00:00+00:00,long,100,max_open_cluster:crypto_beta
ZECUSDT,4h,3856,2025-10-04T16:00:00+00:00,long,100,max_open_cluster:crypto_beta
ZENUSDT,4h,3856,2025-10-04T16:00:00+00:00,long,100,max_open_cluster:crypto_beta
IOSTUSDT,4h,3867,2025-10-06T12:00:00+00:00,long,100,max_open_cluster:crypto_beta
OGNUSDT,4h,3867,2025-10-06T12:00:00+00:00,long,100,max_open_cluster:crypto_beta
ZECUSDT,4h,3985,2025-10-26T04:00:00+00:00,long,100,max_open_per_symbol
BATUSDT,4h,4052,2025-11-06T08:00:00+00:00,long,100,max_open_cluster:crypto_beta
BATUSDT,4h,4056,2025-11-07T00:00:00+00:00,long,100,max_open_cluster:crypto_beta
BATUSDT,4h,4057,2025-11-07T04:00:00+00:00,long,98,max_open_cluster:crypto_beta
KNCUSDT,4h,4074,2025-11-10T00:00:00+00:00,long,95,max_open_cluster:crypto_beta
IOSTUSDT,4h,4210,2025-12-02T16:00:00+00:00,long,100,max_open_cluster:crypto_beta
EGLDUSDT,4h,4251,2025-12-09T12:00:00+00:00,long,100,max_open_cluster:crypto_beta
POWRUSDT,4h,4397,2026-01-02T20:00:00+00:00,long,100,max_open_per_symbol
TRBUSDT,4h,4407,2026-01-04T12:00:00+00:00,long,100,max_open_cluster:crypto_beta
SPELLUSDT,4h,4408,2026-01-04T16:00:00+00:00,long,100,max_open_cluster:crypto_beta
ARUSDT,4h,4413,2026-01-05T12:00:00+00:00,long,100,max_open_cluster:crypto_beta
SPELLUSDT,4h,4413,2026-01-05T12:00:00+00:00,long,100,max_open_cluster:crypto_beta
ALICEUSDT,4h,4414,2026-01-05T16:00:00+00:00,long,97,max_open_cluster:crypto_beta
KSMUSDT,4h,4414,2026-01-05T16:00:00+00:00,long,100,max_open_cluster:crypto_beta
MANAUSDT,4h,4414,2026-01-05T16:00:00+00:00,long,100,max_open_cluster:crypto_beta
SNXUSDT,4h,4414,2026-01-05T16:00:00+00:00,long,100,max_open_cluster:crypto_beta
TRBUSDT,4h,4414,2026-01-05T16:00:00+00:00,long,98,max_open_cluster:crypto_beta
ALICEUSDT,4h,4415,2026-01-05T20:00:00+00:00,long,100,max_open_cluster:crypto_beta
SNXUSDT,4h,4415,2026-01-05T20:00:00+00:00,long,100,max_open_cluster:crypto_beta
IOSTUSDT,4h,4416,2026-01-06T00:00:00+00:00,long,100,max_open_cluster:crypto_beta
KSMUSDT,4h,4416,2026-01-06T00:00:00+00:00,long,100,max_open_cluster:crypto_beta
SUSHIUSDT,4h,4418,2026-01-06T08:00:00+00:00,long,99,max_open_cluster:crypto_beta
ZILUSDT,4h,4423,2026-01-07T04:00:00+00:00,long,100,max_open_cluster:crypto_beta
RADUSDT,4h,4424,2026-01-07T08:00:00+00:00,long,100,max_open_cluster:crypto_beta
KAVAUSDT,4h,4465,2026-01-14T04:00:00+00:00,long,100,max_open_cluster:crypto_beta
AXSUSDT,4h,4481,2026-01-16T20:00:00+00:00,long,100,max_open_cluster:crypto_beta
AXSUSDT,4h,4482,2026-01-17T00:00:00+00:00,long,100,max_open_cluster:crypto_beta
AXSUSDT,4h,4483,2026-01-17T04:00:00+00:00,long,100,max_open_cluster:crypto_beta
BLURUSDT,4h,4483,2026-01-17T04:00:00+00:00,long,100,max_open_cluster:crypto_beta
FLOKIUSDT,4h,4830,2026-03-16T00:00:00+00:00,long,100,max_open_cluster:crypto_beta
TRBUSDT,4h,4830,2026-03-16T00:00:00+00:00,long,100,max_open_cluster:crypto_beta
COMPUSDT,4h,4831,2026-03-16T04:00:00+00:00,long,100,max_open_per_symbol
TRBUSDT,4h,4831,2026-03-16T04:00:00+00:00,long,100,max_open_cluster:crypto_beta
LQTYUSDT,4h,4834,2026-03-16T16:00:00+00:00,long,100,max_open_cluster:crypto_beta
AXSUSDT,4h,4835,2026-03-16T20:00:00+00:00,long,100,max_open_cluster:crypto_beta
YGGUSDT,4h,4842,2026-03-18T00:00:00+00:00,long,99,max_open_cluster:crypto_beta
FLOKIUSDT,4h,4983,2026-04-10T12:00:00+00:00,long,100,max_open_cluster:crypto_beta
STORJUSDT,4h,4989,2026-04-11T12:00:00+00:00,long,100,max_open_cluster:crypto_beta
GMTUSDT,4h,4990,2026-04-11T16:00:00+00:00,long,100,max_open_cluster:crypto_beta
GMTUSDT,4h,5014,2026-04-15T16:00:00+00:00,long,100,max_open_cluster:crypto_beta
STORJUSDT,4h,5016,2026-04-16T00:00:00+00:00,long,100,max_open_cluster:crypto_beta
YGGUSDT,4h,5017,2026-04-16T04:00:00+00:00,long,100,max_open_cluster:crypto_beta
ILVUSDT,4h,5018,2026-04-16T08:00:00+00:00,long,100,max_open_cluster:crypto_beta
COMPUSDT,4h,5019,2026-04-16T12:00:00+00:00,long,100,max_open_cluster:crypto_beta
COMPUSDT,4h,5020,2026-04-16T16:00:00+00:00,long,100,max_open_cluster:crypto_beta
ILVUSDT,4h,5020,2026-04-16T16:00:00+00:00,long,100,max_open_cluster:crypto_beta
MASKUSDT,4h,5076,2026-04-26T00:00:00+00:00,long,99,max_open_cluster:crypto_beta
MASKUSDT,4h,5078,2026-04-26T08:00:00+00:00,long,100,max_open_cluster:crypto_beta
CHZUSDT,4h,5079,2026-04-26T12:00:00+00:00,long,100,max_open_per_symbol
KSMUSDT,4h,5138,2026-05-06T08:00:00+00:00,long,100,max_open_per_symbol
KSMUSDT,4h,5141,2026-05-06T20:00:00+00:00,long,100,max_open_per_symbol
EGLDUSDT,4h,5151,2026-05-08T12:00:00+00:00,long,100,max_open_cluster:crypto_beta
IOSTUSDT,4h,5151,2026-05-08T12:00:00+00:00,long,100,max_open_cluster:crypto_beta
EGLDUSDT,4h,5152,2026-05-08T16:00:00+00:00,long,100,max_open_cluster:crypto_beta
IOSTUSDT,4h,5152,2026-05-08T16:00:00+00:00,long,99,max_open_cluster:crypto_beta
ROSEUSDT,4h,5152,2026-05-08T16:00:00+00:00,long,100,max_open_cluster:crypto_beta
ARUSDT,4h,5153,2026-05-08T20:00:00+00:00,long,100,max_open_per_symbol
POWRUSDT,4h,5154,2026-05-09T00:00:00+00:00,long,100,max_open_cluster:crypto_beta
POWRUSDT,4h,5161,2026-05-10T04:00:00+00:00,long,100,max_open_cluster:crypto_beta
HBARUSDT,4h,5163,2026-05-10T12:00:00+00:00,long,100,max_open_cluster:crypto_beta
LDOUSDT,4h,5163,2026-05-10T12:00:00+00:00,long,100,max_open_cluster:crypto_beta
ANKRUSDT,4h,5164,2026-05-10T16:00:00+00:00,long,100,max_open_cluster:crypto_beta
HBARUSDT,4h,5164,2026-05-10T16:00:00+00:00,long,100,max_open_cluster:crypto_beta
ICXUSDT,4h,5164,2026-05-10T16:00:00+00:00,long,100,max_open_cluster:crypto_beta
LDOUSDT,4h,5164,2026-05-10T16:00:00+00:00,long,100,max_open_cluster:crypto_beta
LPTUSDT,4h,5164,2026-05-10T16:00:00+00:00,long,100,max_open_cluster:crypto_beta
TLMUSDT,4h,5164,2026-05-10T16:00:00+00:00,long,100,max_open_cluster:crypto_beta
ZRXUSDT,4h,5165,2026-05-10T20:00:00+00:00,long,100,max_open_cluster:crypto_beta
SUNUSDT,4h,5167,2026-05-11T04:00:00+00:00,long,100,max_open_cluster:crypto_beta
CRVUSDT,4h,5168,2026-05-11T08:00:00+00:00,long,100,max_open_cluster:crypto_beta
ANKRUSDT,4h,5169,2026-05-11T12:00:00+00:00,long,100,max_open_cluster:crypto_beta
SUNUSDT,4h,5169,2026-05-11T12:00:00+00:00,long,100,max_open_cluster:crypto_beta
UMAUSDT,4h,5169,2026-05-11T12:00:00+00:00,long,100,max_open_cluster:crypto_beta
MAGICUSDT,4h,5170,2026-05-11T16:00:00+00:00,long,100,max_open_cluster:crypto_beta
RADUSDT,4h,5170,2026-05-11T16:00:00+00:00,long,100,max_open_cluster:crypto_beta
ANKRUSDT,4h,5171,2026-05-11T20:00:00+00:00,long,98,max_open_cluster:crypto_beta
MAGICUSDT,4h,5171,2026-05-11T20:00:00+00:00,long,99,max_open_cluster:crypto_beta
THETAUSDT,4h,5171,2026-05-11T20:00:00+00:00,long,100,max_open_cluster:crypto_beta
DYDXUSDT,4h,5460,2026-06-29T00:00:00+00:00,long,100,max_open_per_symbol
DYDXUSDT,4h,5469,2026-06-30T12:00:00+00:00,long,100,max_open_per_symbol
