symbol,timeframe,direction,entry_time,entry_index,entry,initial_stop,tp1,tp2,tp3,score,reason,size_units,risk_amount,exit_time,exit_index,total_r,pnl_quote,status,exits,asset_class,hold_bars,entry_hour_utc,session
UMAUSDT,4h,long,2024-01-23T04:00:00+00:00,133,6.746349,4.792871428571429,10.649257142857142,13.577449999999999,16.505642857142856,100,"long reclaim above 6.30000000; valid pullback; ICT(6): bull_fvg[129:131]=5.38900000-5.39300000;bull_ob=1.97600000-2.15500000;ote=4.51863000-4.99514000;sellside_sweep=3.93000000;ny_killzone=False; DIV(5): hidden_bullish/neutral; MTF(8): 15min:bull,1h:bull,4h:bull; COINLEGS(0): alpha=nan, bias=missing, no Coinlegs snapshot columns; COIL(0): score=missing; score=100",51.19075921965684,100.0,2024-01-25T04:00:00+00:00,145,-1.0028533109921258,-100.28533109921258,closed,"[{""timestamp"": ""2024-01-25T04:00:00+00:00"", ""price"": 4.791912854285715, ""fraction"": 1.0, ""r_multiple"": -1.0028533109921258, ""reason"": ""stop""}]",crypto,12,4,asia
STORJUSDT,4h,long,2024-01-29T08:00:00+00:00,170,0.6831366,0.6039314285714287,0.8411371428571428,0.9597399999999998,1.0783428571428568,100,"long reclaim above 0.64460000; valid pullback; ICT(6): bull_fvg[150:152]=0.56550000-0.57160000;bull_ob=0.53380000-0.54500000;ote=0.59222300-0.60349400;sellside_sweep=0.52900000;ny_killzone=False; DIV(0): none/neutral; MTF(8): 15min:bull,1h:bull,4h:bull; COINLEGS(0): alpha=nan, bias=missing, no Coinlegs snapshot columns; COIL(0): score=missing; score=100",1249.8823612582587,98.99714668900788,2024-02-28T16:00:00+00:00,352,-1.0080242889594877,-99.79152840020527,closed,"[{""timestamp"": ""2024-02-28T16:00:00+00:00"", ""price"": 0.6038106422857143, ""fraction"": 1.0, ""r_multiple"": -1.0080242889594877, ""reason"": ""stop""}]",crypto,182,8,london
MAGICUSDT,4h,long,2024-01-30T08:00:00+00:00,176,1.2606520799999998,1.1026628571428572,1.5758742857142856,1.8124799999999999,2.049085714285714,100,"long reclaim above 1.17490000; valid pullback; ICT(6): bull_fvg[159:161]=1.09640000-1.11370000;bull_ob=1.01830000-1.04550000;ote=1.10177100-1.12133800;sellside_sweep=1.01210000;ny_killzone=False; DIV(0): none/neutral; MTF(8): 15min:bull,1h:bull,4h:bull; COINLEGS(0): alpha=nan, bias=missing, no Coinlegs snapshot columns; COIL(0): score=missing; score=100",626.6069602641395,98.99714668900788,2024-02-28T16:00:00+00:00,352,-1.0073787965544416,-99.72762649389628,closed,"[{""timestamp"": ""2024-02-28T16:00:00+00:00"", ""price"": 1.1024423245714285, ""fraction"": 1.0, ""r_multiple"": -1.0073787965544416, ""reason"": ""stop""}]",crypto,176,8,london
QNTUSDT,4h,long,2024-03-01T16:00:00+00:00,364,127.02539999999999,108.53,163.94,191.64499999999998,219.35,100,"long reclaim above 119.30000000; valid pullback; ICT(8): bull_fvg[361:363]=114.80000000-115.90000000;bull_ob=102.00000000-115.00000000;ote=105.10800000-107.62400000;sellside_sweep=102.00000000;ny_killzone=True; DIV(0): none/neutral; MTF(8): 15min:bull,1h:bull,4h:bull; COINLEGS(0): alpha=nan, bias=missing, no Coinlegs snapshot columns; COIL(0): score=missing; score=100",5.244653002371775,97.00195514006688,2024-03-05T16:00:00+00:00,388,-1.0062674761075723,-97.60991257629505,closed,"[{""timestamp"": ""2024-03-05T16:00:00+00:00"", ""price"": 108.508294, ""fraction"": 1.0, ""r_multiple"": -1.0062674761075723, ""reason"": ""stop""}]",crypto,24,16,new_york
FLOKIUSDT,4h,long,2024-03-01T16:00:00+00:00,364,8.3926782e-05,5.151664285714286e-05,0.0001486967142857143,0.00019728675,0.00024587678571428575,100,"long reclaim above 0.00006400; valid pullback; ICT(8): bull_fvg[361:363]=0.00005558-0.00005606;bull_ob=0.00004473-0.00004974;ote=0.00004783-0.00005106;sellside_sweep=0.00004242;ny_killzone=True; DIV(0): none/neutral; MTF(8): 15min:bull,1h:bull,4h:bull; COINLEGS(0): alpha=nan, bias=missing, no Coinlegs snapshot columns; COIL(0): score=missing; score=100",2992950.9007197553,97.00195514006688,2024-03-08T12:00:00+00:00,405,3.3431498700002855,324.29207371628814,closed,"[{""timestamp"": ""2024-03-03T08:00:00+00:00"", ""price"": 0.00014866697494285715, ""fraction"": 0.4, ""r_multiple"": 0.7978633495540245, ""reason"": ""tp1""}, {""timestamp"": ""2024-03-08T08:00:00+00:00"", ""price"": 0.00019724729265000002, ""fraction"": 0.3, ""r_multiple"": 1.0478946775372597, ""reason"": ""tp2""}, {""timestamp"": ""2024-03-08T12:00:00+00:00"", ""price"": 0.0002458276103571429, ""fraction"": 0.30000000000000004, ""r_multiple"": 1.4973918429090014, ""reason"": ""tp3""}]",crypto,41,16,new_york
YFIUSDT,4h,long,2024-03-07T16:00:00+00:00,400,10291.0578,8857.285714285714,13152.428571428572,15300.000000000002,17447.57142857143,100,"long reclaim above 9857.00000000; valid pullback; ICT(8): bull_fvg[390:392]=9419.00000000-9469.00000000;bull_ob=9072.00000000-9519.00000000;ote=9872.49000000-10173.22000000;sellside_sweep=8078.00000000;ny_killzone=True; DIV(0): none/neutral; MTF(8): 15min:bull,1h:bull,4h:bull; COINLEGS(0): alpha=nan, bias=missing, no Coinlegs snapshot columns; COIL(0): score=missing; score=100",0.06697428201530725,96.02585601430393,2024-03-15T08:00:00+00:00,446,-1.0065771164466604,-96.65742925120024,closed,"[{""timestamp"": ""2024-03-15T08:00:00+00:00"", ""price"": 8855.514257142857, ""fraction"": 1.0, ""r_multiple"": -1.0065771164466604, ""reason"": ""stop""}]",crypto,46,16,new_york
CKBUSDT,4h,long,2024-03-08T12:00:00+00:00,405,0.0215933178,0.018143014285714288,0.028480971428571426,0.03364995,0.03881892857142856,100,"long reclaim above 0.02149200; valid pullback; ICT(8): bull_fvg[390:392]=0.01899800-0.02045100;bull_ob=0.01526700-0.01630000;ote=0.01690206-0.01810668;sellside_sweep=0.01541400;ny_killzone=True; DIV(0): none/neutral; MTF(8): 15min:bull,1h:bull,4h:bull; COINLEGS(0): alpha=nan, bias=missing, no Coinlegs snapshot columns; COIL(0): score=missing; score=100",28771.027343087982,99.2687767514668,2024-03-15T08:00:00+00:00,446,-1.0056579614429444,-99.83043566281485,closed,"[{""timestamp"": ""2024-03-15T08:00:00+00:00"", ""price"": 0.018139385682857147, ""fraction"": 1.0, ""r_multiple"": -1.0056579614429444, ""reason"": ""stop""}]",crypto,41,12,london
JOEUSDT,4h,long,2024-03-16T04:00:00+00:00,451,0.8666733,0.6861671428571428,1.2271657142857146,1.4976650000000005,1.7681642857142865,100,"long reclaim above 0.84010000; valid pullback; ICT(6): bull_fvg[429:431]=0.74200000-0.77050000;bull_ob=0.62170000-0.64240000;ote=0.72361200-0.76053600;sellside_sweep=0.69300000;ny_killzone=False; DIV(0): none/neutral; MTF(8): 15min:bull,1h:bull,4h:bull; COINLEGS(0): alpha=nan, bias=missing, no Coinlegs snapshot columns; COIL(0): score=missing; score=100",539.0613796365841,97.30389810232666,2024-03-20T00:00:00+00:00,474,0.7935676952621159,77.21723015708314,closed,"[{""timestamp"": ""2024-03-18T16:00:00+00:00"", ""price"": 1.2269202811428574, ""fraction"": 0.4, ""r_multiple"": 0.7964482750047233, ""reason"": ""tp1""}, {""timestamp"": ""2024-03-20T00:00:00+00:00"", ""price"": 0.86649996534, ""fraction"": 0.6, ""r_multiple"": -0.0028805797426073552, ""reason"": ""stop""}]",crypto,23,4,asia
AGLDUSDT,4h,long,2024-03-28T04:00:00+00:00,523,1.6923384,1.519692857142857,2.036614285714286,2.2950750000000006,2.553535714285715,100,"long reclaim above 1.65200000; valid pullback; ICT(6): bull_fvg[520:522]=1.59700000-1.60000000;bull_ob=1.36400000-1.39600000;ote=1.46622000-1.49716000;sellside_sweep=1.40300000;ny_killzone=False; DIV(5): hidden_bullish/neutral; MTF(8): 15min:bull,1h:bull,4h:bull; COINLEGS(0): alpha=nan, bias=missing, no Coinlegs snapshot columns; COIL(0): score=missing; score=100",568.0776276109913,98.07607040389749,2024-04-02T08:00:00+00:00,554,-1.0092016826647625,-98.97853528076106,closed,"[{""timestamp"": ""2024-04-02T08:00:00+00:00"", ""price"": 1.5193889185714284, ""fraction"": 1.0, ""r_multiple"": -1.0092016826647625, ""reason"": ""stop""}]",crypto,31,4,asia
YGGUSDT,4h,long,2024-03-25T08:00:00+00:00,506,1.1360271599999998,0.9220878571428571,1.5632242857142855,1.8837924999999998,2.2043607142857136,100,"long reclaim above 1.06600000; valid pullback; ICT(6): bull_fvg[503:505]=0.95360000-0.97650000;bull_ob=0.83400000-0.88250000;ote=0.89584400-0.92583200;sellside_sweep=0.79080000;ny_killzone=False; DIV(5): hidden_bullish/neutral; MTF(8): 15min:bull,1h:bull,4h:bull; COINLEGS(0): alpha=nan, bias=missing, no Coinlegs snapshot columns; COIL(0): score=missing; score=100",458.42941943859415,98.07607040389749,2024-04-12T16:00:00+00:00,616,0.7929370531851294,77.76815025404376,closed,"[{""timestamp"": ""2024-03-31T12:00:00+00:00"", ""price"": 1.5629116408571426, ""fraction"": 0.4, ""r_multiple"": 0.7961228248390244, ""reason"": ""tp1""}, {""timestamp"": ""2024-04-12T16:00:00+00:00"", ""price"": 1.1357999545679998, ""fraction"": 0.6, ""r_multiple"": -0.0031857716538950475, ""reason"": ""stop""}]",crypto,110,8,london
SSVUSDT,4h,long,2024-04-28T00:00:00+00:00,708,52.890576,42.641214285714284,73.35757142857145,88.71575000000001,104.0739285714286,100,"long reclaim above 50.89000000; valid pullback; ICT(6): bull_fvg[704:706]=46.10000000-47.02000000;bull_ob=43.24000000-43.95000000;ote=43.85620000-44.91360000;sellside_sweep=42.55000000;ny_killzone=False; DIV(0): none/neutral; MTF(8): 15min:bull,1h:bull,4h:bull; COINLEGS(0): alpha=nan, bias=missing, no Coinlegs snapshot columns; COIL(0): score=missing; score=100",9.5482986435366,97.8639665536303,2024-04-30T08:00:00+00:00,722,-1.0045600447107976,-98.31023061669086,closed,"[{""timestamp"": ""2024-04-30T08:00:00+00:00"", ""price"": 42.632686042857145, ""fraction"": 1.0, ""r_multiple"": -1.0045600447107976, ""reason"": ""stop""}]",crypto,14,0,asia
ARUSDT,4h,long,2024-05-12T12:00:00+00:00,795,42.7455474,38.971314285714286,50.268371428571434,55.91690000000001,61.56542857142858,100,"long reclaim above 42.41100000; valid pullback; ICT(8): bull_fvg[776:778]=40.15700000-40.31700000;bull_ob=38.10600000-40.15700000;ote=39.34734000-40.56352000;sellside_sweep=37.84500000;ny_killzone=True; DIV(0): none/neutral; MTF(8): 15min:bull,1h:bull,4h:bull; COINLEGS(0): alpha=nan, bias=missing, no Coinlegs snapshot columns; COIL(0): score=missing; score=100",25.669019722380984,96.88086424746339,2024-05-13T00:00:00+00:00,798,-1.0107247985486298,-97.91989199973459,closed,"[{""timestamp"": ""2024-05-13T00:00:00+00:00"", ""price"": 38.963520022857146, ""fraction"": 1.0, ""r_multiple"": -1.0107247985486298, ""reason"": ""stop""}]",crypto,3,12,london
PEOPLEUSDT,4h,long,2024-05-11T12:00:00+00:00,789,0.032286456000000005,0.026524142857142857,0.043791714285714295,0.052425500000000014,0.06105928571428573,100,"long reclaim above 0.03100000; valid pullback; ICT(8): bull_fvg[785:787]=0.02805000-0.02940000;bull_ob=0.02455000-0.02537000;ote=0.02663030-0.02789340;sellside_sweep=0.02437000;ny_killzone=True; DIV(0): none/neutral; MTF(8): 15min:bull,1h:bull,4h:bull; COINLEGS(0): alpha=nan, bias=missing, no Coinlegs snapshot columns; COIL(0): score=missing; score=100",16812.842663289663,96.88086424746339,2024-05-18T12:00:00+00:00,831,2.54788709867321,246.8415041244226,closed,"[{""timestamp"": ""2024-05-15T12:00:00+00:00"", ""price"": 0.04378295594285715, ""fraction"": 0.4, ""r_multiple"": 0.7959353748272516, ""reason"": ""tp1""}, {""timestamp"": ""2024-05-15T16:00:00+00:00"", ""price"": 0.052415014900000015, ""fraction"": 0.3, ""r_multiple"": 1.0461776970529093, ""reason"": ""tp2""}, {""timestamp"": ""2024-05-18T12:00:00+00:00"", ""price"": 0.045874023359999995, ""fraction"": 0.30000000000000004, ""r_multiple"": 0.7057740267930488, ""reason"": ""stop""}]",crypto,42,12,london
PYRUSDT,4h,long,2024-05-20T16:00:00+00:00,844,4.9619922,4.453535714285715,5.975928571428572,6.737125000000001,7.498321428571429,100,"long reclaim above 4.77200000; valid pullback; ICT(6): bull_fvg[828:830]=4.69500000-4.70600000;bull_ob=4.17500000-4.31900000;ote=4.29260000-4.38780000;sellside_sweep=4.45300000;ny_killzone=False; DIV(0): none/neutral; MTF(8): 15min:bull,1h:bull,4h:bull; COINLEGS(0): alpha=nan, bias=missing, no Coinlegs snapshot columns; COIL(0): score=missing; score=100",193.46804128286192,98.37008036871028,2024-05-23T16:00:00+00:00,862,-1.0091582311496583,-99.27097630293738,closed,"[{""timestamp"": ""2024-05-23T16:00:00+00:00"", ""price"": 4.452645007142857, ""fraction"": 1.0, ""r_multiple"": -1.0091582311496583, ""reason"": ""stop""}]",crypto,18,16,new_york
ARUSDT,4h,long,2024-05-17T04:00:00+00:00,823,48.449687999999995,40.65428571428571,64.01142857142857,75.69,87.36857142857141,100,"long reclaim above 46.74000000; valid pullback; ICT(6): bull_fvg[812:814]=41.55000000-43.10300000;bull_ob=40.51300000-41.55000000;ote=41.82067000-42.87926000;sellside_sweep=37.72500000;ny_killzone=False; DIV(0): none/neutral; MTF(8): 15min:bull,1h:bull,4h:bull; COINLEGS(0): alpha=nan, bias=missing, no Coinlegs snapshot columns; COIL(0): score=missing; score=100",12.302336917648724,95.90166532746605,2024-05-23T20:00:00+00:00,863,-1.0056147447792307,-96.44012870218297,closed,"[{""timestamp"": ""2024-05-23T20:00:00+00:00"", ""price"": 40.646154857142854, ""fraction"": 1.0, ""r_multiple"": -1.0056147447792307, ""reason"": ""stop""}]",crypto,40,4,asia
LPTUSDT,4h,long,2024-05-25T00:00:00+00:00,870,23.5167024,21.176992857142857,28.18201428571429,31.684525000000004,35.18703571428572,100,"long reclaim above 23.41200000; valid pullback; ICT(6): bull_fvg[854:856]=23.00000000-23.81900000;bull_ob=21.19500000-22.27000000;ote=22.26725000-23.07050000;sellside_sweep=20.59000000;ny_killzone=False; DIV(5): hidden_bullish/neutral; MTF(8): 15min:bull,1h:bull,4h:bull; COINLEGS(0): alpha=nan, bias=missing, no Coinlegs snapshot columns; COIL(0): score=missing; score=100",41.20723857070057,96.41296931865907,2024-05-27T04:00:00+00:00,883,-1.0094503963461443,-97.32411009162904,closed,"[{""timestamp"": ""2024-05-27T04:00:00+00:00"", ""price"": 21.17275745857143, ""fraction"": 1.0, ""r_multiple"": -1.0094503963461443, ""reason"": ""stop""}]",crypto,13,0,asia
ZECUSDT,4h,long,2024-05-27T08:00:00+00:00,884,27.415482,26.123214285714287,29.983571428571427,31.913749999999997,33.84392857142856,100,"long reclaim above 27.18000000; valid pullback; ICT(6): bull_fvg[862:864]=24.58000000-25.20000000;bull_ob=23.88000000-24.58000000;ote=25.78800000-26.26400000;sellside_sweep=25.20000000;ny_killzone=False; DIV(0): none/neutral; MTF(8): 15min:bull,1h:bull,4h:bull; COINLEGS(0): alpha=nan, bias=missing, no Coinlegs snapshot columns; COIL(0): score=missing; score=100",73.8544553598911,95.43972821774278,2024-05-27T12:00:00+00:00,885,-1.0206134001645397,-97.40706552709003,closed,"[{""timestamp"": ""2024-05-27T12:00:00+00:00"", ""price"": 26.117989642857143, ""fraction"": 1.0, ""r_multiple"": -1.0206134001645397, ""reason"": ""stop""}]",crypto,1,8,london
BANDUSDT,4h,long,2024-05-27T12:00:00+00:00,885,1.7893577999999999,1.6929214285714285,1.9811571428571428,2.1252750000000002,2.269392857142857,100,"long reclaim above 1.75400000; valid pullback; ICT(8): bull_fvg[869:871]=1.73600000-1.73700000;bull_ob=1.54300000-1.59000000;ote=1.57080000-1.61840000;sellside_sweep=1.57700000;ny_killzone=True; DIV(0): none/neutral; MTF(8): 15min:bull,1h:bull,4h:bull; COINLEGS(0): alpha=nan, bias=missing, no Coinlegs snapshot columns; COIL(0): score=missing; score=100",979.5646203096804,94.46565756247188,2024-05-30T04:00:00+00:00,901,-1.0179533978495952,-96.16163709581456,closed,"[{""timestamp"": ""2024-05-30T04:00:00+00:00"", ""price"": 1.6925828442857143, ""fraction"": 1.0, ""r_multiple"": -1.0179533978495952, ""reason"": ""stop""}]",crypto,16,12,london
LDOUSDT,4h,long,2024-05-24T00:00:00+00:00,864,2.3344668,1.9755714285714285,3.050857142857143,3.5885000000000007,4.126142857142858,100,"long reclaim above 2.27900000; valid pullback; ICT(6): bull_fvg[845:847]=2.16000000-2.21300000;bull_ob=1.73400000-1.77200000;ote=2.06835000-2.14230000;sellside_sweep=1.74900000;ny_killzone=False; DIV(0): none/neutral; MTF(8): 15min:bull,1h:bull,4h:bull; COINLEGS(0): alpha=nan, bias=missing, no Coinlegs snapshot columns; COIL(0): score=missing; score=100",268.6380962086258,96.41296931865907,2024-06-07T16:00:00+00:00,952,-1.0059041483956561,-96.98220579678227,closed,"[{""timestamp"": ""2024-06-07T16:00:00+00:00"", ""price"": 1.9751763142857144, ""fraction"": 1.0, ""r_multiple"": -1.0059041483956561, ""reason"": ""stop""}]",crypto,88,0,asia
AGLDUSDT,4h,long,2024-06-01T08:00:00+00:00,914,1.4112822,1.29975,1.6335000000000002,1.8003750000000003,1.9672500000000004,100,"long reclaim above 1.40700000; valid pullback; ICT(6): bull_fvg[899:901]=1.30500000-1.33600000;bull_ob=1.17800000-1.19400000;ote=1.28669000-1.31882000;sellside_sweep=1.28500000;ny_killzone=False; DIV(0): none/neutral; MTF(8): 15min:bull,1h:bull,4h:bull; COINLEGS(0): alpha=nan, bias=missing, no Coinlegs snapshot columns; COIL(0): score=missing; score=100",838.3591571897055,93.50404119151374,2024-06-14T12:00:00+00:00,993,0.7838330593456022,73.29155866832141,closed,"[{""timestamp"": ""2024-06-03T12:00:00+00:00"", ""price"": 1.6331733000000002, ""fraction"": 0.4, ""r_multiple"": 0.7914246031190991, ""reason"": ""tp1""}, {""timestamp"": ""2024-06-14T12:00:00+00:00"", ""price"": 1.41099994356, ""fraction"": 0.6, ""r_multiple"": -0.007591543773496889, ""reason"": ""stop""}]",crypto,79,8,london
KNCUSDT,4h,long,2024-06-12T12:00:00+00:00,981,0.8013602400000001,0.7031314285714285,0.997337142857143,1.1444400000000003,1.2915428571428575,100,"long reclaim above 0.79940000; valid pullback; ICT(8): bull_fvg[978:980]=0.75060000-0.76310000;bull_ob=0.62120000-0.72210000;ote=0.68789800-0.70554400;sellside_sweep=0.70630000;ny_killzone=True; DIV(0): none/neutral; MTF(8): 15min:bull,1h:bull,4h:bull; COINLEGS(0): alpha=nan, bias=missing, no Coinlegs snapshot columns; COIL(0): score=missing; score=100",942.0272706937258,92.5342191335459,2024-06-17T00:00:00+00:00,1008,-1.0075575250461868,-93.23354881227701,closed,"[{""timestamp"": ""2024-06-17T00:00:00+00:00"", ""price"": 0.7029908022857142, ""fraction"": 1.0, ""r_multiple"": -1.0075575250461868, ""reason"": ""stop""}]",crypto,27,12,london
YFIUSDT,4h,long,2024-07-01T08:00:00+00:00,1094,6565.3128,6243.185714285714,7205.628571428571,7686.85,8168.071428571428,100,"long reclaim above 6541.00000000; valid pullback; ICT(6): bull_fvg[1086:1088]=6403.00000000-6419.00000000;bull_ob=5733.00000000-5815.00000000;ote=6116.98000000-6242.44000000;sellside_sweep=5962.00000000;ny_killzone=False; DIV(4): regular_bullish/neutral; MTF(8): 15min:bull,1h:bull,4h:bull; COINLEGS(0): alpha=nan, bias=missing, no Coinlegs snapshot columns; COIL(0): score=missing; score=100",0.28664090455902813,92.33479923210635,2024-07-04T00:00:00+00:00,1110,-1.0197795757521775,-94.1611423880799,closed,"[{""timestamp"": ""2024-07-04T00:00:00+00:00"", ""price"": 6241.937077142858, ""fraction"": 1.0, ""r_multiple"": -1.0197795757521775, ""reason"": ""stop""}]",crypto,16,8,london
VTHOUSDT,4h,long,2024-07-14T16:00:00+00:00,1174,0.0027465492,0.0024020071428571426,0.0034339857142857153,0.003949975000000001,0.004465964285714288,100,"long reclaim above 0.00272300; valid pullback; ICT(6): bull_fvg[1166:1168]=0.00248700-0.00252800;bull_ob=0.00242800-0.00246400;ote=0.00252234-0.00256552;sellside_sweep=0.00230200;ny_killzone=False; DIV(0): none/neutral; MTF(8): 15min:bull,1h:bull,4h:bull; COINLEGS(0): alpha=nan, bias=missing, no Coinlegs snapshot columns; COIL(0): score=missing; score=100",265259.8889265097,91.39318780822553,2024-07-25T00:00:00+00:00,1236,-1.0073710357052,-92.066850258772,closed,"[{""timestamp"": ""2024-07-25T00:00:00+00:00"", ""price"": 0.002401526741428571, ""fraction"": 1.0, ""r_multiple"": -1.0073710357052, ""reason"": ""stop""}]",crypto,62,16,new_york
OGNUSDT,4h,long,2024-07-29T00:00:00+00:00,1260,0.11262252,0.09988571428571429,0.13802857142857144,0.15710000000000002,0.1761714285714286,100,"long reclaim above 0.10620000; valid pullback; ICT(6): bull_fvg[1246:1248]=0.09780000-0.10140000;bull_ob=0.08780000-0.09180000;ote=0.09976700-0.10192600;sellside_sweep=0.08650000;ny_killzone=False; DIV(5): hidden_bullish/neutral; MTF(8): 15min:bull,1h:bull,4h:bull; COINLEGS(0): alpha=nan, bias=missing, no Coinlegs snapshot columns; COIL(0): score=missing; score=100",7103.234620605307,90.47251930563782,2024-07-29T20:00:00+00:00,1265,-1.0082416618474876,-91.21816321624519,closed,"[{""timestamp"": ""2024-07-29T20:00:00+00:00"", ""price"": 0.09986573714285714, ""fraction"": 1.0, ""r_multiple"": -1.0082416618474876, ""reason"": ""stop""}]",crypto,5,0,asia
ZECUSDT,4h,long,2024-07-13T04:00:00+00:00,1165,25.60512,23.270785714285715,30.258428571428574,33.752250000000004,37.24607142857143,100,"long reclaim above 24.76000000; valid pullback; ICT(6): bull_fvg[1162:1164]=23.73000000-23.93000000;bull_ob=19.30000000-20.69000000;ote=21.22100000-21.74800000;sellside_sweep=21.28000000;ny_killzone=False; DIV(5): hidden_bullish/neutral; MTF(8): 15min:bull,1h:bull,4h:bull; COINLEGS(0): alpha=nan, bias=missing, no Coinlegs snapshot columns; COIL(0): score=missing; score=100",39.15171377447343,91.39318780822553,2024-08-01T12:00:00+00:00,1281,2.6874908909780126,245.61835973204887,closed,"[{""timestamp"": ""2024-07-16T12:00:00+00:00"", ""price"": 30.252376885714288, ""fraction"": 0.4, ""r_multiple"": 0.7925024132599454, ""reason"": ""tp1""}, {""timestamp"": ""2024-07-31T20:00:00+00:00"", ""price"": 33.745499550000005, ""fraction"": 0.3, ""r_multiple"": 1.0431204329027437, ""reason"": ""tp2""}, {""timestamp"": ""2024-08-01T12:00:00+00:00"", ""price"": 32.256747360000006, ""fraction"": 0.30000000000000004, ""r_multiple"": 0.8518680448153235, ""reason"": ""stop""}]",crypto,116,4,asia
SUNUSDT,4h,long,2024-08-19T16:00:00+00:00,1390,0.011162232,0.009989357142857142,0.013501285714285716,0.015257250000000003,0.01701321428571429,100,"long reclaim above 0.01069000; valid pullback; ICT(6): bull_fvg[1387:1389]=0.01016000-0.01017000;bull_ob=0.00900000-0.00920000;ote=0.00961930-0.01001540;sellside_sweep=0.00913000;ny_killzone=False; DIV(0): none/neutral; MTF(8): 15min:bull,1h:bull,4h:bull; COINLEGS(0): alpha=nan, bias=missing, no Coinlegs snapshot columns; COIL(0): score=missing; score=100",78453.82711583537,92.01652127079586,2024-08-21T08:00:00+00:00,1400,3.3302008899166475,306.4335010230385,closed,"[{""timestamp"": ""2024-08-20T12:00:00+00:00"", ""price"": 0.013498585457142859, ""fraction"": 0.4, ""r_multiple"": 0.7934313250869298, ""reason"": ""tp1""}, {""timestamp"": ""2024-08-20T20:00:00+00:00"", ""price"": 0.015254198550000004, ""fraction"": 0.3, ""r_multiple"": 1.0439476862149715, ""reason"": ""tp2""}, {""timestamp"": ""2024-08-21T08:00:00+00:00"", ""price"": 0.01700981164285715, ""fraction"": 0.30000000000000004, ""r_multiple"": 1.492821878614746, ""reason"": ""tp3""}]",crypto,10,16,new_york
TLMUSDT,4h,long,2024-08-22T12:00:00+00:00,1407,0.013112621999999999,0.01199942857142857,0.01717,0.018465000000000002,0.02025,100,"long reclaim above 0.01297000; valid pullback; ICT(8): bull_fvg[1381:1383]=0.01016000-0.01313000;bull_ob=0.00980000-0.01026000;ote=0.01152940-0.01274320;sellside_sweep=0.01164000;ny_killzone=True; DIV(5): hidden_bullish/neutral; MTF(8): 15min:bull,1h:bull,4h:bull; COINLEGS(0): alpha=nan, bias=missing, no Coinlegs snapshot columns; COIL(0): score=missing; score=100",85412.69993216218,95.08085628102624,2024-08-27T20:00:00+00:00,1439,-1.0111784220686066,-96.14371022318008,closed,"[{""timestamp"": ""2024-08-27T20:00:00+00:00"", ""price"": 0.011997028685714286, ""fraction"": 1.0, ""r_multiple"": -1.0111784220686066, ""reason"": ""stop""}]",crypto,32,12,london
GALAUSDT,4h,long,2024-08-23T00:00:00+00:00,1410,0.019453889999999998,0.017140714285714287,0.024068571428571422,0.027532499999999988,0.030996428571428557,100,"long reclaim above 0.01868000; valid pullback; ICT(6): bull_fvg[1401:1403]=0.01789000-0.01825000;bull_ob=0.01694000-0.01756000;ote=0.01757800-0.01788400;sellside_sweep=0.01677000;ny_killzone=False; DIV(0): none/neutral; MTF(8): 15min:bull,1h:bull,4h:bull; COINLEGS(0): alpha=nan, bias=missing, no Coinlegs snapshot columns; COIL(0): score=missing; score=100",41104.0353284992,95.08085628102624,2024-09-04T00:00:00+00:00,1482,-1.0078094427512454,-95.82338478489231,closed,"[{""timestamp"": ""2024-09-04T00:00:00+00:00"", ""price"": 0.017137286142857144, ""fraction"": 1.0, ""r_multiple"": -1.0078094427512454, ""reason"": ""stop""}]",crypto,72,0,asia
SUSHIUSDT,4h,long,2024-09-12T00:00:00+00:00,1530,0.6371274,0.5915642857142857,0.7278714285714287,0.7960250000000002,0.8641785714285718,100,"long reclaim above 0.63200000; valid pullback; ICT(6): bull_fvg[1515:1517]=0.62000000-0.62700000;bull_ob=0.55400000-0.57100000;ote=0.59987000-0.60786000;sellside_sweep=0.55200000;ny_killzone=False; DIV(0): none/neutral; MTF(8): 15min:bull,1h:bull,4h:bull; COINLEGS(0): alpha=nan, bias=missing, no Coinlegs snapshot columns; COIL(0): score=missing; score=100",2044.6623719958243,93.16118533094554,2024-09-18T12:00:00+00:00,1569,-1.0133823645693343,-94.40790227675558,closed,"[{""timestamp"": ""2024-09-18T12:00:00+00:00"", ""price"": 0.5914459728571428, ""fraction"": 1.0, ""r_multiple"": -1.0133823645693343, ""reason"": ""stop""}]",crypto,39,0,asia
KSMUSDT,4h,long,2024-09-19T00:00:00+00:00,1572,21.034206,19.480428571428572,24.12914285714286,26.453500000000005,28.777857142857147,100,"long reclaim above 20.80000000; valid pullback; ICT(6): bull_fvg[1560:1562]=19.71000000-19.77000000;bull_ob=19.47000000-19.61000000;ote=20.43020000-20.87560000;sellside_sweep=19.38000000;ny_killzone=False; DIV(0): none/neutral; MTF(8): 15min:bull,1h:bull,4h:bull; COINLEGS(0): alpha=nan, bias=missing, no Coinlegs snapshot columns; COIL(0): score=missing; score=100",59.35026768471211,92.21710630817797,2024-10-01T12:00:00+00:00,1647,-1.0129364610007567,-93.41006930753636,closed,"[{""timestamp"": ""2024-10-01T12:00:00+00:00"", ""price"": 19.476532485714287, ""fraction"": 1.0, ""r_multiple"": -1.0129364610007567, ""reason"": ""stop""}]",crypto,75,0,asia
ANKRUSDT,4h,long,2024-09-12T08:00:00+00:00,1532,0.025265052,0.02315257142857143,0.029474857142857146,0.032636000000000005,0.03579714285714286,100,"long reclaim above 0.02500000; valid pullback; ICT(6): bull_fvg[1529:1531]=0.02442000-0.02455000;bull_ob=0.02188000-0.02227000;ote=0.02343660-0.02368480;sellside_sweep=0.02253000;ny_killzone=False; DIV(0): none/neutral; MTF(8): 15min:bull,1h:bull,4h:bull; COINLEGS(0): alpha=nan, bias=missing, no Coinlegs snapshot columns; COIL(0): score=missing; score=100",44100.37497667731,93.16118533094554,2024-10-01T16:00:00+00:00,1648,0.7846930429781461,73.10293400479068,closed,"[{""timestamp"": ""2024-09-21T12:00:00+00:00"", ""price"": 0.029468962171428574, ""fraction"": 0.4, ""r_multiple"": 0.7918684076572411, ""reason"": ""tp1""}, {""timestamp"": ""2024-10-01T16:00:00+00:00"", ""price"": 0.0252599989896, ""fraction"": 0.6, ""r_multiple"": -0.007175364679094973, ""reason"": ""stop""}]",crypto,116,8,london
STORJUSDT,4h,long,2024-10-12T00:00:00+00:00,1710,0.44528903999999997,0.3981935714285714,0.5392128571428572,0.6097225,0.6802321428571427,100,"long reclaim above 0.43480000; valid pullback; ICT(6): bull_fvg[1697:1699]=0.39420000-0.40710000;bull_ob=0.38570000-0.39420000;ote=0.39951400-0.40519200;sellside_sweep=0.37860000;ny_killzone=False; DIV(0): none/neutral; MTF(8): 15min:bull,1h:bull,4h:bull; COINLEGS(0): alpha=nan, bias=missing, no Coinlegs snapshot columns; COIL(0): score=missing; score=100",1953.7768228294633,92.0140349551505,2024-10-19T00:00:00+00:00,1752,3.330316698149001,306.4358770752036,closed,"[{""timestamp"": ""2024-10-15T12:00:00+00:00"", ""price"": 0.5391050145714286, ""fraction"": 0.4, ""r_multiple"": 0.7934709625654013, ""reason"": ""tp1""}, {""timestamp"": ""2024-10-15T16:00:00+00:00"", ""price"": 0.6096005554999999, ""fraction"": 0.3, ""r_multiple"": 1.0439829858358836, ""reason"": ""tp2""}, {""timestamp"": ""2024-10-19T00:00:00+00:00"", ""price"": 0.6800960964285713, ""fraction"": 0.30000000000000004, ""r_multiple"": 1.4928627497477163, ""reason"": ""tp3""}]",crypto,42,0,asia
STORJUSDT,4h,long,2024-10-19T00:00:00+00:00,1752,0.74294856,0.5488235714285714,1.1307528571428573,1.4217175000000002,1.712682142857143,100,"long reclaim above 0.66660000; valid pullback; ICT(6): bull_fvg[1744:1746]=0.57850000-0.58900000;bull_ob=0.48160000-0.49670000;ote=0.52083500-0.54863000;sellside_sweep=0.53080000;ny_killzone=False; DIV(0): none/neutral; MTF(8): 15min:bull,1h:bull,4h:bull; COINLEGS(0): alpha=nan, bias=missing, no Coinlegs snapshot columns; COIL(0): score=missing; score=100",489.77926245140935,95.07839372590256,2024-10-20T04:00:00+00:00,1759,-1.003226939847267,-95.38520598323082,closed,"[{""timestamp"": ""2024-10-20T04:00:00+00:00"", ""price"": 0.5487138067142857, ""fraction"": 1.0, ""r_multiple"": -1.003226939847267, ""reason"": ""stop""}]",crypto,7,0,asia
AGLDUSDT,4h,long,2024-10-14T08:00:00+00:00,1724,1.0432085999999998,0.9894428571428572,1.1501142857142854,1.2304499999999996,1.3107857142857138,100,"long reclaim above 1.03900000; valid pullback; ICT(6): bull_fvg[1708:1710]=1.01000000-1.02100000;bull_ob=0.94000000-0.97600000;ote=0.98448000-0.99944000;sellside_sweep=0.96600000;ny_killzone=False; DIV(0): none/neutral; MTF(8): 15min:bull,1h:bull,4h:bull; COINLEGS(0): alpha=nan, bias=missing, no Coinlegs snapshot columns; COIL(0): score=missing; score=100",1711.3877734310274,92.0140349551505,2024-10-21T12:00:00+00:00,1767,2.6100657581074835,240.16268190174338,closed,"[{""timestamp"": ""2024-10-15T08:00:00+00:00"", ""price"": 1.1498842628571426, ""fraction"": 0.4, ""r_multiple"": 0.7871065856421616, ""reason"": ""tp1""}, {""timestamp"": ""2024-10-20T08:00:00+00:00"", ""price"": 1.2302039099999997, ""fraction"": 0.3, ""r_multiple"": 1.0383151153910575, ""reason"": ""tp2""}, {""timestamp"": ""2024-10-21T12:00:00+00:00"", ""price"": 1.184723008, ""fraction"": 0.30000000000000004, ""r_multiple"": 0.7846440570742643, ""reason"": ""stop""}]",crypto,43,8,london
GMXUSDT,4h,long,2024-10-20T12:00:00+00:00,1761,24.734946,22.84657142857143,28.49685714285714,31.321999999999996,34.14714285714285,100,"long reclaim above 23.67000000; valid pullback; ICT(8): bull_fvg[1745:1747]=22.94000000-23.01000000;bull_ob=22.24000000-22.68000000;ote=22.64130000-22.90140000;sellside_sweep=22.35000000;ny_killzone=True; DIV(0): none/neutral; MTF(8): 15min:bull,1h:bull,4h:bull; COINLEGS(0): alpha=nan, bias=missing, no Coinlegs snapshot columns; COIL(0): score=missing; score=100",49.84421157231759,94.12454166607024,2024-10-22T08:00:00+00:00,1772,-1.0124975700734917,-95.30086972117725,closed,"[{""timestamp"": ""2024-10-22T08:00:00+00:00"", ""price"": 22.842002114285716, ""fraction"": 1.0, ""r_multiple"": -1.0124975700734917, ""reason"": ""stop""}]",crypto,11,12,london
POWRUSDT,4h,long,2024-11-09T20:00:00+00:00,1883,0.21884376,0.20923571428571427,0.23792857142857143,0.252275,0.26662142857142856,100,"long reclaim above 0.21740000; valid pullback; ICT(8): bull_fvg[1869:1871]=0.21680000-0.21700000;bull_ob=0.20550000-0.21120000;ote=0.21117200-0.21341600;sellside_sweep=0.20040000;ny_killzone=True; DIV(0): none/neutral; MTF(8): 15min:bull,1h:bull,4h:bull; COINLEGS(0): alpha=nan, bias=missing, no Coinlegs snapshot columns; COIL(0): score=missing; score=100",9947.200776300737,95.57315978787591,2024-11-12T00:00:00+00:00,1896,3.3054146947469003,315.90892678623857,closed,"[{""timestamp"": ""2024-11-11T12:00:00+00:00"", ""price"": 0.23788098571428573, ""fraction"": 0.4, ""r_multiple"": 0.7849477979883527, ""reason"": ""tp1""}, {""timestamp"": ""2024-11-12T00:00:00+00:00"", ""price"": 0.252224545, ""fraction"": 0.3, ""r_multiple"": 1.0363925817499378, ""reason"": ""tp2""}, {""timestamp"": ""2024-11-12T00:00:00+00:00"", ""price"": 0.26656810428571426, ""fraction"": 0.30000000000000004, ""r_multiple"": 1.48407431500861, ""reason"": ""tp3""}]",crypto,13,20,rollover_other
DYDXUSDT,4h,long,2024-11-09T04:00:00+00:00,1879,1.14252846,1.0585185714285714,1.3098628571428574,1.4355350000000004,1.5612071428571435,100,"long reclaim above 1.13460000; valid pullback; ICT(6): bull_fvg[1864:1866]=1.05500000-1.10300000;bull_ob=0.89810000-0.93120000;ote=1.02330900-1.05100200;sellside_sweep=0.89850000;ny_killzone=False; DIV(4): regular_bullish/neutral; MTF(8): 15min:bull,1h:bull,4h:bull; COINLEGS(0): alpha=nan, bias=missing, no Coinlegs snapshot columns; COIL(0): score=missing; score=100",1137.6417873309722,95.57315978787591,2024-11-13T04:00:00+00:00,1903,0.7826598513209772,74.80127502985495,closed,"[{""timestamp"": ""2024-11-11T00:00:00+00:00"", ""price"": 1.3096008845714289, ""fraction"": 0.4, ""r_multiple"": 0.7908191554968311, ""reason"": ""tp1""}, {""timestamp"": ""2024-11-13T04:00:00+00:00"", ""price"": 1.1422999543080001, ""fraction"": 0.6, ""r_multiple"": -0.008159304175854016, ""reason"": ""stop""}]",crypto,24,4,asia
HBARUSDT,4h,long,2024-11-15T08:00:00+00:00,1916,0.071324262,0.056492928571428576,0.10094414285714284,0.12316974999999998,0.14539535714285712,100,"long reclaim above 0.06993000; valid pullback; ICT(6): bull_fvg[1911:1913]=0.06273000-0.06290000;bull_ob=0.05341000-0.05614000;ote=0.05811110-0.06217580;sellside_sweep=0.05309000;ny_killzone=False; DIV(0): none/neutral; MTF(8): 15min:bull,1h:bull,4h:bull; COINLEGS(0): alpha=nan, bias=missing, no Coinlegs snapshot columns; COIL(0): score=missing; score=100",6707.438834487785,99.48026180603684,2024-11-18T16:00:00+00:00,1936,3.339001120945604,332.16470568231915,closed,"[{""timestamp"": ""2024-11-18T00:00:00+00:00"", ""price"": 0.10092395402857142, ""fraction"": 0.4, ""r_multiple"": 0.796443364566835, ""reason"": ""tp1""}, {""timestamp"": ""2024-11-18T04:00:00+00:00"", ""price"": 0.12314511604999999, ""fraction"": 0.3, ""r_multiple"": 1.046630093267965, ""reason"": ""tp2""}, {""timestamp"": ""2024-11-18T16:00:00+00:00"", ""price"": 0.14536627807142855, ""fraction"": 0.30000000000000004, ""r_multiple"": 1.4959276631108038, ""reason"": ""tp3""}]",crypto,20,8,london
COMPUSDT,4h,long,2024-11-22T20:00:00+00:00,1961,64.622922,51.763214285714284,90.30357142857143,109.57375,128.8439285714286,100,"long reclaim above 55.94000000; valid pullback; ICT(8): bull_fvg[1936:1938]=55.05000000-55.21000000;bull_ob=52.06000000-54.46000000;ote=53.98210000-54.83380000;sellside_sweep=51.15000000;ny_killzone=True; DIV(0): none/neutral; MTF(8): 15min:bull,1h:bull,4h:bull; COINLEGS(0): alpha=nan, bias=missing, no Coinlegs snapshot columns; COIL(0): score=missing; score=100",7.99410928668763,102.80190886286002,2024-12-04T16:00:00+00:00,2032,3.3385969961677864,343.214144129859,closed,"[{""timestamp"": ""2024-12-03T08:00:00+00:00"", ""price"": 90.28551071428572, ""fraction"": 0.4, ""r_multiple"": 0.7963050454952575, ""reason"": ""tp1""}, {""timestamp"": ""2024-12-04T08:00:00+00:00"", ""price"": 109.55183525000001, ""fraction"": 0.3, ""r_multiple"": 1.0465069115979906, ""reason"": ""tp2""}, {""timestamp"": ""2024-12-04T16:00:00+00:00"", ""price"": 128.8181597857143, ""fraction"": 0.30000000000000004, ""r_multiple"": 1.4957850390745384, ""reason"": ""tp3""}]",crypto,71,20,rollover_other
IOTXUSDT,4h,long,2024-12-05T04:00:00+00:00,2035,0.06599319599999999,0.05711692857142857,0.08370614285714285,0.09700075,0.11029535714285714,99,"long reclaim above 0.06537000; valid pullback; ICT(6): bull_fvg[2020:2022]=0.05688000-0.05929000;bull_ob=0.05200000-0.05565000;ote=0.05862480-0.06030440;sellside_sweep=0.05175000;ny_killzone=False; DIV(0): none/neutral; MTF(8): 15min:bull,1h:bull,4h:bull; COINLEGS(0): alpha=nan, bias=missing, no Coinlegs snapshot columns; COIL(0): score=missing; score=99",11968.324654370661,106.23405030415861,2024-12-05T20:00:00+00:00,2039,-1.0068342765330958,-106.96008318116805,closed,"[{""timestamp"": ""2024-12-05T20:00:00+00:00"", ""price"": 0.057105505185714285, ""fraction"": 1.0, ""r_multiple"": -1.0068342765330958, ""reason"": ""stop""}]",crypto,4,4,asia
ZRXUSDT,4h,long,2024-12-06T00:00:00+00:00,2040,0.83676732,0.6126885714285714,1.2844228571428573,1.6202900000000002,1.9561571428571434,100,"long reclaim above 0.69810000; valid pullback; ICT(6): bull_fvg[2027:2029]=0.65790000-0.65920000;bull_ob=0.53050000-0.56480000;ote=0.60811900-0.62748200;sellside_sweep=0.56390000;ny_killzone=False; DIV(5): hidden_bullish/neutral; MTF(8): 15min:bull,1h:bull,4h:bull; COINLEGS(0): alpha=nan, bias=missing, no Coinlegs snapshot columns; COIL(0): score=missing; score=100",469.3191574069511,105.16444947234693,2024-12-09T20:00:00+00:00,2063,-1.0031340368519936,-105.49403873251289,closed,"[{""timestamp"": ""2024-12-09T20:00:00+00:00"", ""price"": 0.6125660337142856, ""fraction"": 1.0, ""r_multiple"": -1.0031340368519936, ""reason"": ""stop""}]",crypto,23,0,asia
FLOKIUSDT,4h,long,2024-11-15T20:00:00+00:00,1919,0.000259581906,0.0002012922857142857,0.0003760054285714286,0.0004633620000000001,0.0005507185714285715,100,"long reclaim above 0.00024810; valid pullback; ICT(8): bull_fvg[1904:1906]=0.00020149-0.00021919;bull_ob=0.00019218-0.00021500;ote=0.00020647-0.00021570;sellside_sweep=0.00017917;ny_killzone=True; DIV(5): hidden_bullish/neutral; MTF(8): 15min:bull,1h:bull,4h:bull; COINLEGS(0): alpha=nan, bias=missing, no Coinlegs snapshot columns; COIL(0): score=missing; score=100",1706654.8266813394,99.48026180603684,2024-12-18T20:00:00+00:00,2117,-1.0038530364298968,-99.86356287883116,closed,"[{""timestamp"": ""2024-12-18T20:00:00+00:00"", ""price"": 0.00020125202725714285, ""fraction"": 1.0, ""r_multiple"": -1.0038530364298968, ""reason"": ""stop""}]",crypto,198,20,rollover_other
FLOKIUSDT,4h,long,2025-01-03T12:00:00+00:00,2211,0.00019582915799999998,0.00017679557142857144,0.0002337788571428571,0.00026227049999999995,0.00029076214285714275,100,"long reclaim above 0.00018706; valid pullback; ICT(8): bull_fvg[2201:2203]=0.00018055-0.00018120;bull_ob=0.00017221-0.00017897;ote=0.00017931-0.00018095;sellside_sweep=0.00016875;ny_killzone=True; DIV(0): none/neutral; MTF(8): 15min:bull,1h:bull,4h:bull; COINLEGS(0): alpha=nan, bias=missing, no Coinlegs snapshot columns; COIL(0): score=missing; score=100",5417311.817154526,103.11087345623349,2025-01-08T00:00:00+00:00,2238,-1.0096878673769356,-104.10979792339747,closed,"[{""timestamp"": ""2025-01-08T00:00:00+00:00"", ""price"": 0.00017676021231428574, ""fraction"": 1.0, ""r_multiple"": -1.0096878673769356, ""reason"": ""stop""}]",crypto,27,12,london
ONTUSDT,4h,long,2025-01-17T08:00:00+00:00,2294,0.27275454,0.2502085714285714,0.32,0.3514200000000001,0.38515714285714303,100,"long reclaim above 0.26840000; valid pullback; ICT(6): bull_fvg[2282:2284]=0.24980000-0.25700000;bull_ob=0.23830000-0.24530000;ote=0.25545700-0.26934600;sellside_sweep=0.24090000;ny_killzone=False; DIV(0): none/neutral; MTF(8): 15min:bull,1h:bull,4h:bull; COINLEGS(0): alpha=nan, bias=missing, no Coinlegs snapshot columns; COIL(0): score=missing; score=100",4527.185210678753,102.06977547699951,2025-01-18T08:00:00+00:00,2300,-1.0114968199902434,-103.24325331210314,closed,"[{""timestamp"": ""2025-01-18T08:00:00+00:00"", ""price"": 0.2501585297142857, ""fraction"": 1.0, ""r_multiple"": -1.0114968199902434, ""reason"": ""stop""}]",crypto,6,8,london
AGLDUSDT,4h,long,2024-12-25T00:00:00+00:00,2154,2.1684336,1.4475642857142859,3.6088714285714287,4.689525,5.770178571428572,100,"long reclaim above 1.84400000; valid pullback; ICT(6): bull_fvg[2147:2149]=1.61700000-1.68900000;bull_ob=1.13900000-1.21700000;ote=1.49363000-1.64714000;sellside_sweep=1.44200000;ny_killzone=False; DIV(0): none/neutral; MTF(8): 15min:bull,1h:bull,4h:bull; COINLEGS(0): alpha=nan, bias=missing, no Coinlegs snapshot columns; COIL(0): score=missing; score=100",143.03684650303455,103.11087345623349,2025-01-28T20:00:00+00:00,2363,-1.002407920786593,-103.35915627175252,closed,"[{""timestamp"": ""2025-01-28T20:00:00+00:00"", ""price"": 1.4472747728571431, ""fraction"": 1.0, ""r_multiple"": -1.002407920786593, ""reason"": ""stop""}]",crypto,209,0,asia
KNCUSDT,4h,long,2025-02-17T00:00:00+00:00,2478,0.4425885,0.4198935714285714,0.48771285714285717,0.5216225000000001,0.5555321428571429,100,"long reclaim above 0.43780000; valid pullback; ICT(6): bull_fvg[2452:2454]=0.43100000-0.43650000;bull_ob=0.40300000-0.42090000;ote=0.40462200-0.41281600;sellside_sweep=0.41780000;ny_killzone=False; DIV(5): hidden_bullish/neutral; MTF(8): 15min:bull,1h:bull,4h:bull; COINLEGS(0): alpha=nan, bias=missing, no Coinlegs snapshot columns; COIL(0): score=missing; score=100",4406.43604875933,100.00375138116097,2025-02-18T00:00:00+00:00,2484,-1.0189001674987181,-101.89383903276507,closed,"[{""timestamp"": ""2025-02-18T00:00:00+00:00"", ""price"": 0.4198095927142857, ""fraction"": 1.0, ""r_multiple"": -1.0189001674987181, ""reason"": ""stop""}]",crypto,6,0,asia
LDOUSDT,4h,long,2025-02-17T08:00:00+00:00,2480,1.8983796,1.7557142857142858,2.1825714285714284,2.3959999999999995,2.6094285714285705,100,"long reclaim above 1.87600000; valid pullback; ICT(6): bull_fvg[2462:2464]=1.84200000-1.84800000;bull_ob=1.46100000-1.60900000;ote=1.66894000-1.72232000;sellside_sweep=1.67600000;ny_killzone=False; DIV(0): none/neutral; MTF(8): 15min:bull,1h:bull,4h:bull; COINLEGS(0): alpha=nan, bias=missing, no Coinlegs snapshot columns; COIL(0): score=missing; score=100",700.9675188524425,100.00375138116097,2025-02-18T04:00:00+00:00,2485,-1.0127055406800245,-101.27435311248937,closed,"[{""timestamp"": ""2025-02-18T04:00:00+00:00"", ""price"": 1.755363142857143, ""fraction"": 1.0, ""r_multiple"": -1.0127055406800245, ""reason"": ""stop""}]",crypto,5,8,london
AGLDUSDT,4h,long,2025-02-26T00:00:00+00:00,2532,1.5593118,1.348,1.9809999999999997,2.2974999999999994,2.613999999999999,97,"long reclaim above 1.54200000; valid pullback; ICT(6): bull_fvg[2509:2511]=1.39100000-1.47000000;bull_ob=1.37500000-1.49400000;ote=1.38917000-1.41926000;sellside_sweep=1.35500000;ny_killzone=False; DIV(0): none/neutral; MTF(8): 15min:bull,1h:bull,4h:bull; COINLEGS(0): alpha=nan, bias=missing, no Coinlegs snapshot columns; COIL(0): score=missing; score=97",463.6374753312806,97.97206945970842,2025-02-28T00:00:00+00:00,2544,-1.0067786885540702,-98.63619160557352,closed,"[{""timestamp"": ""2025-02-28T00:00:00+00:00"", ""price"": 1.3477304, ""fraction"": 1.0, ""r_multiple"": -1.0067786885540702, ""reason"": ""stop""}]",crypto,12,0,asia
PROMUSDT,4h,long,2025-02-23T04:00:00+00:00,2515,6.8123622,5.872742857142857,8.687514285714286,10.0949,11.502285714285716,100,"long reclaim above 6.75100000; valid pullback; ICT(6): bull_fvg[2512:2514]=6.19300000-6.23800000;bull_ob=5.82100000-5.93400000;ote=5.80816000-5.89248000;sellside_sweep=5.70400000;ny_killzone=False; DIV(0): none/neutral; MTF(8): 15min:bull,1h:bull,4h:bull; COINLEGS(0): alpha=nan, bias=missing, no Coinlegs snapshot columns; COIL(0): score=missing; score=100",104.26782952530576,97.97206945970842,2025-03-07T20:00:00+00:00,2591,-1.0066496297914194,-98.62354745151471,closed,"[{""timestamp"": ""2025-03-07T20:00:00+00:00"", ""price"": 5.871568308571429, ""fraction"": 1.0, ""r_multiple"": -1.0066496297914194, ""reason"": ""stop""}]",crypto,76,4,asia
KAVAUSDT,4h,long,2025-03-16T00:00:00+00:00,2640,0.4915983,0.45694285714285715,0.5606142857142857,0.6124499999999999,0.6642857142857141,100,"long reclaim above 0.48220000; valid pullback; ICT(6): bull_fvg[2627:2629]=0.43610000-0.45680000;bull_ob=0.42310000-0.43280000;ote=0.43961900-0.44878200;sellside_sweep=0.42220000;ny_killzone=False; DIV(0): none/neutral; MTF(8): 15min:bull,1h:bull,4h:bull; COINLEGS(0): alpha=nan, bias=missing, no Coinlegs snapshot columns; COIL(0): score=missing; score=100",2770.112402397163,95.99947206913754,2025-03-24T04:00:00+00:00,2689,0.7819341336142587,75.06526401980729,closed,"[{""timestamp"": ""2025-03-21T00:00:00+00:00"", ""price"": 0.5605021628571429, ""fraction"": 0.4, ""r_multiple"": 0.7904446404485644, ""reason"": ""tp1""}, {""timestamp"": ""2025-03-24T04:00:00+00:00"", ""price"": 0.49149998034, ""fraction"": 0.6, ""r_multiple"": -0.008510506834305778, ""reason"": ""stop""}]",crypto,49,0,asia
LDOUSDT,4h,long,2025-03-24T04:00:00+00:00,2689,1.0672134,1.0064785714285713,1.1880428571428572,1.278825,1.369607142857143,100,"long reclaim above 1.06200000; valid pullback; ICT(6): bull_fvg[2675:2677]=0.99900000-1.01600000;bull_ob=0.94500000-0.96100000;ote=0.97336000-0.99308000;sellside_sweep=0.97500000;ny_killzone=False; DIV(5): hidden_bullish/neutral; MTF(8): 15min:bull,1h:bull,4h:bull; COINLEGS(0): alpha=nan, bias=missing, no Coinlegs snapshot columns; COIL(0): score=missing; score=100",1592.9924721126088,96.75012470933562,2025-03-26T16:00:00+00:00,2704,-1.0169703613036327,-98.39200928182457,closed,"[{""timestamp"": ""2025-03-26T16:00:00+00:00"", ""price"": 1.0062772757142857, ""fraction"": 1.0, ""r_multiple"": -1.0169703613036327, ""reason"": ""stop""}]",crypto,15,4,asia
STORJUSDT,4h,long,2025-03-27T00:00:00+00:00,2706,0.31436286,0.3005292857142857,0.34184142857142863,0.3624975000000001,0.38315357142857154,100,"long reclaim above 0.31310000; valid pullback; ICT(6): bull_fvg[2688:2690]=0.29290000-0.30550000;bull_ob=0.28810000-0.29050000;ote=0.29779600-0.30248800;sellside_sweep=0.28740000;ny_killzone=False; DIV(5): hidden_bullish/neutral; MTF(8): 15min:bull,1h:bull,4h:bull; COINLEGS(0): alpha=nan, bias=missing, no Coinlegs snapshot columns; COIL(0): score=missing; score=100",6922.737583114258,95.76620461651737,2025-03-28T00:00:00+00:00,2712,-1.022122892230516,-97.88483004057412,closed,"[{""timestamp"": ""2025-03-28T00:00:00+00:00"", ""price"": 0.3004691798571429, ""fraction"": 1.0, ""r_multiple"": -1.022122892230516, ""reason"": ""stop""}]",crypto,6,0,asia
CKBUSDT,4h,long,2025-03-22T20:00:00+00:00,2681,0.005462092199999999,0.004893757142857142,0.006595485714285715,0.007446350000000001,0.008297214285714286,100,"long reclaim above 0.00530400; valid pullback; ICT(6): bull_fvg[2676:2678]=0.00505000-0.00514400;bull_ob=0.00493400-0.00498400;ote=0.00517225-0.00536350;sellside_sweep=0.00490600;ny_killzone=False; DIV(0): none/neutral; MTF(8): 15min:bull,1h:bull,4h:bull; COINLEGS(0): alpha=nan, bias=missing, no Coinlegs snapshot columns; COIL(0): score=missing; score=100",168913.51477022658,95.99947206913754,2025-03-29T04:00:00+00:00,2719,-1.0090100014081236,-96.8644274476596,closed,"[{""timestamp"": ""2025-03-29T04:00:00+00:00"", ""price"": 0.0048927783914285705, ""fraction"": 1.0, ""r_multiple"": -1.0090100014081236, ""reason"": ""stop""}]",crypto,38,20,rollover_other
GMXUSDT,4h,long,2025-04-12T08:00:00+00:00,2804,14.822964,13.2035,18.053,20.47775,22.902500000000003,100,"long reclaim above 14.63000000; valid pullback; ICT(6): bull_fvg[2787:2789]=12.91000000-13.65000000;bull_ob=11.42000000-12.79000000;ote=12.01010000-12.48780000;sellside_sweep=11.42000000;ny_killzone=False; DIV(0): none/neutral; MTF(8): 15min:bull,1h:bull,4h:bull; COINLEGS(0): alpha=nan, bias=missing, no Coinlegs snapshot columns; COIL(0): score=missing; score=100",57.93195281996699,93.81871204163505,2025-05-05T00:00:00+00:00,2940,-1.0085523539393273,-94.62108287314695,closed,"[{""timestamp"": ""2025-05-05T00:00:00+00:00"", ""price"": 13.200859300000001, ""fraction"": 1.0, ""r_multiple"": -1.0085523539393273, ""reason"": ""stop""}]",crypto,136,8,london
ZILUSDT,4h,long,2025-04-22T12:00:00+00:00,2865,0.012312462,0.011550214285714285,0.013829571428571429,0.01496925,0.016108928571428573,100,"long reclaim above 0.01214000; valid pullback; ICT(8): bull_fvg[2853:2855]=0.01157000-0.01176000;bull_ob=0.01161000-0.01176000;ote=0.01154830-0.01175740;sellside_sweep=0.01129000;ny_killzone=True; DIV(0): none/neutral; MTF(8): 15min:bull,1h:bull,4h:bull; COINLEGS(0): alpha=nan, bias=missing, no Coinlegs snapshot columns; COIL(0): score=missing; score=100",123081.65742359817,93.81871204163505,2025-05-06T12:00:00+00:00,2949,-1.0155516233530388,-95.27774531477377,closed,"[{""timestamp"": ""2025-05-06T12:00:00+00:00"", ""price"": 0.011547904242857142, ""fraction"": 1.0, ""r_multiple"": -1.0155516233530388, ""reason"": ""stop""}]",crypto,84,12,london
QNTUSDT,4h,long,2025-05-10T20:00:00+00:00,2975,101.72034000000001,92.72785714285715,119.64428571428572,133.1025,146.56071428571428,100,"long reclaim above 98.60000000; valid pullback; ICT(6): bull_fvg[2957:2959]=90.20000000-92.20000000;bull_ob=92.20000000-93.80000000;ote=93.78100000-94.81800000;sellside_sweep=88.20000000;ny_killzone=False; DIV(0): none/neutral; MTF(8): 15min:bull,1h:bull,4h:bull; COINLEGS(0): alpha=nan, bias=missing, no Coinlegs snapshot columns; COIL(0): score=missing; score=100",10.221840310403557,91.91972375975584,2025-05-13T04:00:00+00:00,2989,-1.0107108830327811,-92.90426516935213,closed,"[{""timestamp"": ""2025-05-13T04:00:00+00:00"", ""price"": 92.70931157142857, ""fraction"": 1.0, ""r_multiple"": -1.0107108830327811, ""reason"": ""stop""}]",crypto,14,20,rollover_other
ZECUSDT,4h,long,2025-05-11T20:00:00+00:00,2981,45.239045999999995,40.397285714285715,54.89542857142856,62.14449999999998,69.3935714285714,100,"long reclaim above 43.88000000; valid pullback; ICT(6): bull_fvg[2969:2971]=42.18000000-42.30000000;bull_ob=37.23000000-38.04000000;ote=39.11930000-40.02540000;sellside_sweep=40.11000000;ny_killzone=False; DIV(5): hidden_bullish/neutral; MTF(8): 15min:bull,1h:bull,4h:bull; COINLEGS(0): alpha=nan, bias=missing, no Coinlegs snapshot columns; COIL(0): score=missing; score=100",18.98477378794795,91.91972375975584,2025-05-15T00:00:00+00:00,3000,-1.0087428446572646,-92.72336362552606,closed,"[{""timestamp"": ""2025-05-15T00:00:00+00:00"", ""price"": 40.38920625714286, ""fraction"": 1.0, ""r_multiple"": -1.0087428446572646, ""reason"": ""stop""}]",crypto,19,20,rollover_other
LQTYUSDT,4h,long,2025-05-13T12:00:00+00:00,2991,1.0092017999999998,0.8790285714285715,1.2689428571428567,1.4638999999999993,1.658857142857142,100,"long reclaim above 0.99800000; valid pullback; ICT(8): bull_fvg[2982:2984]=0.93000000-0.93400000;bull_ob=0.83500000-0.87700000;ote=0.89925000-0.92050000;sellside_sweep=0.83300000;ny_killzone=True; DIV(0): none/neutral; MTF(8): 15min:bull,1h:bull,4h:bull; COINLEGS(0): alpha=nan, bias=missing, no Coinlegs snapshot columns; COIL(0): score=missing; score=100",698.9968836651702,90.9906811080623,2025-05-17T04:00:00+00:00,3013,-1.0071522197827374,-91.64146645752814,closed,"[{""timestamp"": ""2025-05-17T04:00:00+00:00"", ""price"": 0.8788527657142858, ""fraction"": 1.0, ""r_multiple"": -1.0071522197827374, ""reason"": ""stop""}]",crypto,22,12,london
MASKUSDT,4h,long,2025-05-22T04:00:00+00:00,3043,1.8483696,1.64085,2.2623000000000006,2.573025000000001,2.883750000000001,100,"long reclaim above 1.80700000; valid pullback; ICT(6): bull_fvg[3028:3030]=1.61100000-1.68400000;bull_ob=1.47400000-1.51100000;ote=1.63398000-1.67444000;sellside_sweep=1.44700000;ny_killzone=False; DIV(0): none/neutral; MTF(8): 15min:bull,1h:bull,4h:bull; COINLEGS(0): alpha=nan, bias=missing, no Coinlegs snapshot columns; COIL(0): score=missing; score=100",429.58367695018546,89.14703280723177,2025-05-24T16:00:00+00:00,3058,-0.008906251411586508,-0.7939658867781567,closed,"[{""timestamp"": ""2025-05-24T16:00:00+00:00"", ""price"": 1.8479999260800002, ""fraction"": 1.0, ""r_multiple"": -0.008906251411586508, ""reason"": ""stop""}]",crypto,15,4,asia
ZECUSDT,4h,long,2025-05-25T12:00:00+00:00,3063,51.5103,46.262928571428574,61.97414285714285,69.82974999999999,77.68535714285713,100,"long reclaim above 49.99000000; valid pullback; ICT(8): bull_fvg[3057:3059]=47.94000000-48.49000000;bull_ob=40.77000000-41.43000000;ote=47.38180000-48.16040000;sellside_sweep=43.02000000;ny_killzone=True; DIV(0): none/neutral; MTF(8): 15min:bull,1h:bull,4h:bull; COINLEGS(0): alpha=nan, bias=missing, no Coinlegs snapshot columns; COIL(0): score=missing; score=100",16.987380131509333,89.139093148364,2025-05-31T00:00:00+00:00,3096,-1.009215695280358,-89.96057186838677,closed,"[{""timestamp"": ""2025-05-31T00:00:00+00:00"", ""price"": 46.25367598571429, ""fraction"": 1.0, ""r_multiple"": -1.009215695280358, ""reason"": ""stop""}]",crypto,33,12,london
MASKUSDT,4h,long,2025-06-06T08:00:00+00:00,3134,3.3446688,2.629592857142857,4.772814285714286,5.844425000000001,6.916035714285715,100,"long reclaim above 3.00100000; valid pullback; ICT(6): bull_fvg[3117:3119]=2.82300000-2.85100000;bull_ob=1.85000000-2.13600000;ote=2.34161000-2.46758000;sellside_sweep=2.54900000;ny_killzone=False; DIV(0): none/neutral; MTF(8): 15min:bull,1h:bull,4h:bull; COINLEGS(0): alpha=nan, bias=missing, no Coinlegs snapshot columns; COIL(0): score=missing; score=100",123.39876388109519,88.23948742968012,2025-06-06T16:00:00+00:00,3136,-1.0040770674723136,-88.5992457736533,closed,"[{""timestamp"": ""2025-06-06T16:00:00+00:00"", ""price"": 2.6290669385714285, ""fraction"": 1.0, ""r_multiple"": -1.0040770674723136, ""reason"": ""stop""}]",crypto,2,8,london
ICXUSDT,4h,long,2025-06-06T12:00:00+00:00,3135,0.1585317,0.13363285714285714,0.20823428571428573,0.24553500000000003,0.2828357142857143,100,"long reclaim above 0.15310000; valid pullback; ICT(8): bull_fvg[3131:3133]=0.14180000-0.14230000;bull_ob=0.12250000-0.12590000;ote=0.13386800-0.13910400;sellside_sweep=0.12740000;ny_killzone=True; DIV(5): hidden_bullish/neutral; MTF(8): 15min:bull,1h:bull,4h:bull; COINLEGS(0): alpha=nan, bias=missing, no Coinlegs snapshot columns; COIL(0): score=missing; score=100",3543.91920684645,88.23948742968012,2025-06-14T00:00:00+00:00,3180,-1.0057666014634072,-88.74832938702242,closed,"[{""timestamp"": ""2025-06-14T00:00:00+00:00"", ""price"": 0.13360613057142856, ""fraction"": 1.0, ""r_multiple"": -1.0057666014634072, ""reason"": ""stop""}]",crypto,45,12,london
RVNUSDT,4h,long,2025-06-07T16:00:00+00:00,3142,0.015873173999999997,0.012815785714285714,0.02782,0.028657500000000002,0.032920000000000005,100,"long reclaim above 0.01561000; valid pullback; ICT(10): bull_fvg[3126:3128]=0.01097000-0.01598000;bull_ob=0.01077000-0.01099000;ote=0.01435050-0.01724900;sellside_sweep=0.01077000;ny_killzone=False; DIV(0): none/neutral; MTF(8): 15min:bull,1h:bull,4h:bull; COINLEGS(0): alpha=nan, bias=missing, no Coinlegs snapshot columns; COIL(0): score=missing; score=100",28571.279408672035,87.35349497194359,2025-06-20T04:00:00+00:00,3217,-0.0051913275851290285,-0.4534806081052806,closed,"[{""timestamp"": ""2025-06-20T04:00:00+00:00"", ""price"": 0.015869999365199998, ""fraction"": 1.0, ""r_multiple"": -0.0051913275851290285, ""reason"": ""stop""}]",crypto,75,16,new_york
PEOPLEUSDT,4h,long,2025-07-03T04:00:00+00:00,3295,0.019413882,0.016648285714285713,0.024933428571428575,0.029076000000000005,0.03321857142857144,100,"long reclaim above 0.01939000; valid pullback; ICT(6): bull_fvg[3291:3293]=0.01804000-0.01887000;bull_ob=0.01742000-0.01785000;ote=0.01781060-0.01812680;sellside_sweep=0.01670000;ny_killzone=False; DIV(0): none/neutral; MTF(8): 15min:bull,1h:bull,4h:bull; COINLEGS(0): alpha=nan, bias=missing, no Coinlegs snapshot columns; COIL(0): score=missing; score=100",31263.231484150394,86.4614768719923,2025-07-24T04:00:00+00:00,3421,0.7908174437562445,68.37524412329861,closed,"[{""timestamp"": ""2025-07-20T12:00:00+00:00"", ""price"": 0.02492844188571429, ""fraction"": 0.4, ""r_multiple"": 0.7950289757841941, ""reason"": ""tp1""}, {""timestamp"": ""2025-07-24T04:00:00+00:00"", ""price"": 0.0194099992236, ""fraction"": 0.6, ""r_multiple"": -0.004211532027949545, ""reason"": ""stop""}]",crypto,126,4,asia
ENSUSDT,4h,long,2025-07-27T00:00:00+00:00,3438,31.5063,27.009928571428574,40.48014285714285,47.21524999999999,53.95035714285713,100,"long reclaim above 30.87000000; valid pullback; ICT(6): bull_fvg[3431:3433]=28.72000000-29.99000000;bull_ob=27.12000000-28.61000000;ote=28.88710000-29.31380000;sellside_sweep=26.50000000;ny_killzone=False; DIV(5): hidden_bullish/neutral; MTF(8): 15min:bull,1h:bull,4h:bull; COINLEGS(0): alpha=nan, bias=missing, no Coinlegs snapshot columns; COIL(0): score=missing; score=100",19.38123455715331,87.1452293132253,2025-07-30T16:00:00+00:00,3460,-1.0064065695653004,-87.70353128710454,closed,"[{""timestamp"": ""2025-07-30T16:00:00+00:00"", ""price"": 27.004526585714288, ""fraction"": 1.0, ""r_multiple"": -1.0064065695653004, ""reason"": ""stop""}]",crypto,22,0,asia
GALAUSDT,4h,long,2025-07-03T04:00:00+00:00,3295,0.015113022,0.0132135,0.018903000000000003,0.021747750000000003,0.024592500000000003,99,"long reclaim above 0.01507000; valid pullback; ICT(6): bull_fvg[3291:3293]=0.01426000-0.01470000;bull_ob=0.01383000-0.01411000;ote=0.01422830-0.01443740;sellside_sweep=0.01325000;ny_killzone=False; DIV(0): none/neutral; MTF(8): 15min:bull,1h:bull,4h:bull; COINLEGS(0): alpha=nan, bias=missing, no Coinlegs snapshot columns; COIL(0): score=missing; score=99",45517.49170159244,86.4614768719923,2025-08-01T00:00:00+00:00,3468,0.7896565102173375,68.27486809497448,closed,"[{""timestamp"": ""2025-07-16T20:00:00+00:00"", ""price"": 0.018899219400000004, ""fraction"": 0.4, ""r_multiple"": 0.79442986255279, ""reason"": ""tp1""}, {""timestamp"": ""2025-08-01T00:00:00+00:00"", ""price"": 0.015109999395600001, ""fraction"": 0.6, ""r_multiple"": -0.0047733523354524625, ""reason"": ""stop""}]",crypto,173,4,asia
IOTXUSDT,4h,long,2025-08-05T08:00:00+00:00,3494,0.031126223999999997,0.028034999999999997,0.037290000000000004,0.0419175,0.046545,100,"long reclaim above 0.03042000; valid pullback; ICT(6): bull_fvg[3462:3464]=0.02777000-0.02792000;bull_ob=0.02235000-0.02299000;ote=0.02524500-0.02635000;sellside_sweep=0.02799000;ny_killzone=False; DIV(0): none/neutral; MTF(8): 15min:bull,1h:bull,4h:bull; COINLEGS(0): alpha=nan, bias=missing, no Coinlegs snapshot columns; COIL(0): score=missing; score=100",28128.321558484276,86.950942681304,2025-08-18T00:00:00+00:00,3570,-1.0094684975271924,-87.77423746706897,closed,"[{""timestamp"": ""2025-08-18T00:00:00+00:00"", ""price"": 0.028029393, ""fraction"": 1.0, ""r_multiple"": -1.0094684975271924, ""reason"": ""stop""}]",crypto,76,8,london
UMAUSDT,4h,long,2025-08-22T00:00:00+00:00,3594,1.5443088,1.3658785714285713,1.9002428571428576,2.1674250000000006,2.4346071428571436,100,"long reclaim above 1.54000000; valid pullback; ICT(6): bull_fvg[3590:3592]=1.42700000-1.43900000;bull_ob=1.31100000-1.41400000;ote=1.37522000-1.42316000;sellside_sweep=1.23000000;ny_killzone=False; DIV(5): hidden_bullish/neutral; MTF(8): 15min:bull,1h:bull,4h:bull; COINLEGS(0): alpha=nan, bias=missing, no Coinlegs snapshot columns; COIL(0): score=missing; score=100",482.39135821191144,86.07320030663332,2025-08-25T20:00:00+00:00,3617,0.18915020320836118,16.280763328793668,closed,"[{""timestamp"": ""2025-08-23T12:00:00+00:00"", ""price"": 1.899862808571429, ""fraction"": 0.4, ""r_multiple"": 0.793982819533782, ""reason"": ""tp1""}, {""timestamp"": ""2025-08-25T20:00:00+00:00"", ""price"": 1.3656053957142855, ""fraction"": 0.6, ""r_multiple"": -0.6048326163254208, ""reason"": ""stop""}]",crypto,23,0,asia
ILVUSDT,4h,long,2025-09-09T04:00:00+00:00,3703,15.073014,14.225,16.76,18.027500000000003,19.295,100,"long reclaim above 15.04000000; valid pullback; ICT(6): bull_fvg[3682:3684]=13.78000000-13.81000000;bull_ob=13.72000000-13.96000000;ote=14.17820000-14.41960000;sellside_sweep=13.71000000;ny_killzone=False; DIV(0): none/neutral; MTF(8): 15min:bull,1h:bull,4h:bull; COINLEGS(0): alpha=nan, bias=missing, no Coinlegs snapshot columns; COIL(0): score=missing; score=100",101.69172671668292,86.23600793992125,2025-09-16T04:00:00+00:00,3745,-1.017173145254676,-87.7169514304569,closed,"[{""timestamp"": ""2025-09-16T04:00:00+00:00"", ""price"": 14.222155, ""fraction"": 1.0, ""r_multiple"": -1.017173145254676, ""reason"": ""stop""}]",crypto,42,4,asia
YFIUSDT,4h,long,2025-10-01T20:00:00+00:00,3839,5577.1152,5239.857142857143,6248.285714285714,6752.499999999999,7256.714285714284,99,"long reclaim above 5560.00000000; valid pullback; ICT(6): bull_fvg[3835:3837]=5415.00000000-5432.00000000;bull_ob=5072.00000000-5115.00000000;ote=5264.83000000-5319.74000000;sellside_sweep=5129.00000000;ny_killzone=False; DIV(0): none/neutral; MTF(8): 15min:bull,1h:bull,4h:bull; COINLEGS(0): alpha=nan, bias=missing, no Coinlegs snapshot columns; COIL(0): score=missing; score=99",0.25309651353847434,85.35883842561668,2025-10-08T04:00:00+00:00,3877,-1.015935397430301,-86.71906544011773,closed,"[{""timestamp"": ""2025-10-08T04:00:00+00:00"", ""price"": 5238.809171428572, ""fraction"": 1.0, ""r_multiple"": -1.015935397430301, ""reason"": ""stop""}]",crypto,38,20,rollover_other
MAGICUSDT,4h,long,2025-08-04T08:00:00+00:00,3488,0.21674334,0.16042285714285714,0.3292542857142857,0.41367,0.4980857142857143,100,"long reclaim above 0.20570000; valid pullback; ICT(6): bull_fvg[3483:3485]=0.17000000-0.17550000;bull_ob=0.14030000-0.14410000;ote=0.16945400-0.17751200;sellside_sweep=0.13800000;ny_killzone=False; DIV(0): none/neutral; MTF(8): 15min:bull,1h:bull,4h:bull; COINLEGS(0): alpha=nan, bias=missing, no Coinlegs snapshot columns; COIL(0): score=missing; score=100",1543.8600358213446,86.950942681304,2025-10-10T16:00:00+00:00,3892,-1.0032481649157936,-87.23337368271659,closed,"[{""timestamp"": ""2025-10-10T16:00:00+00:00"", ""price"": 0.16039077257142859, ""fraction"": 1.0, ""r_multiple"": -1.0032481649157936, ""reason"": ""stop""}]",crypto,404,8,london
ZECUSDT,4h,long,2025-10-26T00:00:00+00:00,3984,287.887566,247.49542857142856,368.49914285714283,429.001,489.5028571428571,100,"long reclaim above 284.75000000; valid pullback; ICT(6): bull_fvg[3976:3978]=265.43000000-265.50000000;bull_ob=249.24000000-263.93000000;ote=256.30260000-264.98280000;sellside_sweep=226.26000000;ny_killzone=False; DIV(0): none/neutral; MTF(8): 15min:bull,1h:bull,4h:bull; COINLEGS(0): alpha=nan, bias=missing, no Coinlegs snapshot columns; COIL(0): score=missing; score=100",2.070187896895996,83.61931403438834,2025-11-02T12:00:00+00:00,4029,2.529781826685678,211.53862100411828,closed,"[{""timestamp"": ""2025-10-27T00:00:00+00:00"", ""price"": 368.4254430285714, ""fraction"": 0.4, ""r_multiple"": 0.7949601772564491, ""reason"": ""tp1""}, {""timestamp"": ""2025-11-01T00:00:00+00:00"", ""price"": 428.9151998, ""fraction"": 0.3, ""r_multiple"": 1.045309223429162, ""reason"": ""tp2""}, {""timestamp"": ""2025-11-02T12:00:00+00:00"", ""price"": 380.99138647999996, ""fraction"": 0.30000000000000004, ""r_multiple"": 0.689512426000067, ""reason"": ""stop""}]",crypto,45,0,asia
ZECUSDT,4h,long,2025-11-04T00:00:00+00:00,4038,471.134208,364.1152857142857,684.8894285714287,845.2765000000002,1005.6635714285717,100,"long reclaim above 435.93000000; valid pullback; ICT(6): bull_fvg[4035:4037]=403.74000000-406.24000000;bull_ob=298.03000000-338.57000000;ote=362.62350000-381.38300000;sellside_sweep=363.00000000;ny_killzone=False; DIV(5): hidden_bullish/neutral; MTF(8): 15min:bull,1h:bull,4h:bull; COINLEGS(0): alpha=nan, bias=missing, no Coinlegs snapshot columns; COIL(0): score=missing; score=100",0.8011172081843513,85.73470024442952,2025-11-11T08:00:00+00:00,4082,0.7940623534935536,68.07869785215605,closed,"[{""timestamp"": ""2025-11-07T12:00:00+00:00"", ""price"": 684.7524506857144, ""fraction"": 0.4, ""r_multiple"": 0.7967035491281292, ""reason"": ""tp1""}, {""timestamp"": ""2025-11-11T08:00:00+00:00"", ""price"": 471.0399811584, ""fraction"": 0.6, ""r_multiple"": -0.0026411956345756445, ""reason"": ""stop""}]",crypto,44,0,asia
MINAUSDT,4h,long,2025-11-06T00:00:00+00:00,4050,0.16393278,0.12098,0.24973999999999996,0.31411999999999995,0.37849999999999995,100,"long reclaim above 0.15900000; valid pullback; ICT(6): bull_fvg[4047:4049]=0.13950000-0.14160000;bull_ob=0.09370000-0.09520000;ote=0.11999000-0.13172000;sellside_sweep=0.10920000;ny_killzone=False; DIV(5): hidden_bullish/neutral; MTF(8): 15min:bull,1h:bull,4h:bull; COINLEGS(0): alpha=nan, bias=missing, no Coinlegs snapshot columns; COIL(0): score=missing; score=100",1996.022149076952,85.73470024442952,2025-11-19T16:00:00+00:00,4132,-1.0032163560449407,-86.01045356582188,closed,"[{""timestamp"": ""2025-11-19T16:00:00+00:00"", ""price"": 0.120955804, ""fraction"": 1.0, ""r_multiple"": -1.0032163560449407, ""reason"": ""stop""}]",crypto,82,0,asia
QNTUSDT,4h,long,2025-11-28T12:00:00+00:00,4185,98.71974,82.48114285714286,131.1377142857143,155.466,179.79428571428573,100,"long reclaim above 86.32000000; valid pullback; ICT(8): bull_fvg[4166:4168]=82.93000000-85.02000000;bull_ob=79.67000000-81.18000000;ote=84.23640000-85.56920000;sellside_sweep=79.67000000;ny_killzone=True; DIV(0): none/neutral; MTF(8): 15min:bull,1h:bull,4h:bull; COINLEGS(0): alpha=nan, bias=missing, no Coinlegs snapshot columns; COIL(0): score=missing; score=100",5.268643709467601,85.55538268729286,2025-12-11T08:00:00+00:00,4262,-1.0054789205274417,-86.0241338297314,closed,"[{""timestamp"": ""2025-12-11T08:00:00+00:00"", ""price"": 82.46464662857143, ""fraction"": 1.0, ""r_multiple"": -1.0054789205274417, ""reason"": ""stop""}]",crypto,77,12,london
BATUSDT,4h,long,2025-11-27T12:00:00+00:00,4179,0.25825164,0.20419500000000002,0.3662099999999999,0.4472174999999999,0.5282249999999998,100,"long reclaim above 0.23040000; valid pullback; ICT(8): bull_fvg[4172:4174]=0.21370000-0.21400000;bull_ob=0.18940000-0.19230000;ote=0.19863700-0.20368600;sellside_sweep=0.19240000;ny_killzone=True; DIV(5): hidden_bullish/neutral; MTF(8): 15min:bull,1h:bull,4h:bull; COINLEGS(0): alpha=nan, bias=missing, no Coinlegs snapshot columns; COIL(0): score=missing; score=100",1582.6988634012932,85.55538268729286,2025-12-21T12:00:00+00:00,4323,-1.0041771245937592,-85.91275818044443,closed,"[{""timestamp"": ""2025-12-21T12:00:00+00:00"", ""price"": 0.20415416100000003, ""fraction"": 1.0, ""r_multiple"": -1.0041771245937592, ""reason"": ""stop""}]",crypto,144,12,london
POWRUSDT,4h,long,2026-01-02T16:00:00+00:00,4396,0.08791758000000001,0.08224857142857143,0.09920285714285715,0.10768,0.11615714285714286,100,"long reclaim above 0.08600000; valid pullback; ICT(8): bull_fvg[4388:4390]=0.08360000-0.08380000;bull_ob=0.08110000-0.08220000;ote=0.08436200-0.08643600;sellside_sweep=0.08190000;ny_killzone=True; DIV(0): none/neutral; MTF(8): 15min:bull,1h:bull,4h:bull; COINLEGS(0): alpha=nan, bias=missing, no Coinlegs snapshot columns; COIL(0): score=missing; score=100",14788.478921996879,83.8360137671911,2026-01-19T00:00:00+00:00,4494,0.7802937937786778,65.416721237683,closed,"[{""timestamp"": ""2026-01-08T00:00:00+00:00"", ""price"": 0.09918301657142858, ""fraction"": 0.4, ""r_multiple"": 0.7895981240317655, ""reason"": ""tp1""}, {""timestamp"": ""2026-01-19T00:00:00+00:00"", ""price"": 0.08789999648400001, ""fraction"": 0.6, ""r_multiple"": -0.00930433025308774, ""reason"": ""stop""}]",crypto,98,16,new_york
SANDUSDT,4h,long,2026-01-22T00:00:00+00:00,4512,0.16523304,0.13490642857142857,0.2257871428571429,0.27122750000000007,0.3166678571428573,100,"long reclaim above 0.15420000; valid pullback; ICT(6): bull_fvg[4505:4507]=0.14070000-0.14250000;bull_ob=0.11790000-0.12270000;ote=0.13845000-0.14440000;sellside_sweep=0.13110000;ny_killzone=False; DIV(0): none/neutral; MTF(8): 15min:bull,1h:bull,4h:bull; COINLEGS(0): alpha=nan, bias=missing, no Coinlegs snapshot columns; COIL(0): score=missing; score=100",2786.0079646078657,84.49018097956794,2026-01-25T12:00:00+00:00,4533,-1.0048480945843512,-84.89979736840583,closed,"[{""timestamp"": ""2026-01-25T12:00:00+00:00"", ""price"": 0.13487944728571427, ""fraction"": 1.0, ""r_multiple"": -1.0048480945843512, ""reason"": ""stop""}]",crypto,21,0,asia
XTZUSDT,4h,long,2025-12-30T16:00:00+00:00,4378,0.5216042999999999,0.4845557142857143,0.5953885714285713,0.6508049999999997,0.7062214285714282,100,"long reclaim above 0.51300000; valid pullback; ICT(8): bull_fvg[4375:4377]=0.49460000-0.49810000;bull_ob=0.44750000-0.46040000;ote=0.46714800-0.47374400;sellside_sweep=0.46840000;ny_killzone=True; DIV(5): hidden_bullish/neutral; MTF(8): 15min:bull,1h:bull,4h:bull; COINLEGS(0): alpha=nan, bias=missing, no Coinlegs snapshot columns; COIL(0): score=missing; score=100",2262.866777526266,83.8360137671911,2026-01-29T00:00:00+00:00,4554,0.7820660243058647,65.56529798055888,closed,"[{""timestamp"": ""2026-01-06T20:00:00+00:00"", ""price"": 0.5952694937142856, ""fraction"": 0.4, ""r_multiple"": 0.7905127041712432, ""reason"": ""tp1""}, {""timestamp"": ""2026-01-29T00:00:00+00:00"", ""price"": 0.5214999791399999, ""fraction"": 0.6, ""r_multiple"": -0.008446679865378455, ""reason"": ""stop""}]",crypto,176,16,new_york
BATUSDT,4h,long,2026-02-14T16:00:00+00:00,4654,0.13762752,0.12661,0.15958,0.176065,0.19255,100,"long reclaim above 0.13540000; valid pullback; ICT(8): bull_fvg[4651:4653]=0.13260000-0.13310000;bull_ob=0.11980000-0.12510000;ote=0.12882600-0.13062800;sellside_sweep=0.12690000;ny_killzone=True; DIV(0): none/neutral; MTF(8): 15min:bull,1h:bull,4h:bull; COINLEGS(0): alpha=nan, bias=missing, no Coinlegs snapshot columns; COIL(0): score=missing; score=100",7651.162510772791,84.29683598568947,2026-02-16T12:00:00+00:00,4665,-1.0118907775252501,-85.2991909084778,closed,"[{""timestamp"": ""2026-02-16T12:00:00+00:00"", ""price"": 0.126584678, ""fraction"": 1.0, ""r_multiple"": -1.0118907775252501, ""reason"": ""stop""}]",crypto,11,16,new_york
JOEUSDT,4h,long,2026-03-04T12:00:00+00:00,4761,0.041808359999999996,0.038447857142857145,0.0485042857142857,0.05353249999999998,0.05856071428571426,99,"long reclaim above 0.04160000; valid pullback; ICT(8): bull_fvg[4755:4757]=0.03990000-0.04050000;bull_ob=0.03790000-0.04040000;ote=0.03988100-0.04091800;sellside_sweep=0.03610000;ny_killzone=True; DIV(0): none/neutral; MTF(8): 15min:bull,1h:bull,4h:bull; COINLEGS(0): alpha=nan, bias=missing, no Coinlegs snapshot columns; COIL(0): score=missing; score=99",24830.761235403286,83.44384407660469,2026-03-05T16:00:00+00:00,4768,-1.01184018706384,-84.43183479979758,closed,"[{""timestamp"": ""2026-03-05T16:00:00+00:00"", ""price"": 0.038440167571428575, ""fraction"": 1.0, ""r_multiple"": -1.01184018706384, ""reason"": ""stop""}]",crypto,7,12,london
KAVAUSDT,4h,long,2026-03-07T04:00:00+00:00,4777,0.067233444,0.05653007142857143,0.08859985714285715,0.10463475,0.12066964285714286,100,"long reclaim above 0.06600000; valid pullback; ICT(6): bull_fvg[4757:4759]=0.05370000-0.05780000;bull_ob=0.04760000-0.04880000;ote=0.05348400-0.05695200;sellside_sweep=0.05290000;ny_killzone=False; DIV(0): none/neutral; MTF(8): 15min:bull,1h:bull,4h:bull; COINLEGS(0): alpha=nan, bias=missing, no Coinlegs snapshot columns; COIL(0): score=missing; score=100",7717.149447744787,82.59952572860672,2026-03-18T12:00:00+00:00,4845,-1.005681097022984,-83.0687816483234,closed,"[{""timestamp"": ""2026-03-18T12:00:00+00:00"", ""price"": 0.056518765414285715, ""fraction"": 1.0, ""r_multiple"": -1.005681097022984, ""reason"": ""stop""}]",crypto,68,4,asia
COMPUSDT,4h,long,2026-03-15T20:00:00+00:00,4829,19.113822,18.303285714285714,20.72342857142857,21.9335,23.143571428571427,100,"long reclaim above 18.90000000; valid pullback; ICT(6): bull_fvg[4811:4813]=17.96000000-18.40000000;bull_ob=16.71000000-17.03000000;ote=17.46800000-17.94400000;sellside_sweep=17.59000000;ny_killzone=False; DIV(0): none/neutral; MTF(8): 15min:bull,1h:bull,4h:bull; COINLEGS(0): alpha=nan, bias=missing, no Coinlegs snapshot columns; COIL(0): score=missing; score=100",101.90725225313743,82.59952572860672,2026-03-19T12:00:00+00:00,4851,-1.0229798915779553,-84.49765387424064,closed,"[{""timestamp"": ""2026-03-19T12:00:00+00:00"", ""price"": 18.29962505714286, ""fraction"": 1.0, ""r_multiple"": -1.0229798915779553, ""reason"": ""stop""}]",crypto,22,20,rollover_other
SUNUSDT,4h,long,2026-03-22T08:00:00+00:00,4868,0.01830366,0.017397142857142858,0.020105714285714286,0.02146,0.022814285714285714,100,"long reclaim above 0.01807000; valid pullback; ICT(6): bull_fvg[4851:4853]=0.01753000-0.01770000;bull_ob=0.01668000-0.01685000;ote=0.01700600-0.01727800;sellside_sweep=0.01678000;ny_killzone=False; DIV(0): none/neutral; MTF(8): 15min:bull,1h:bull,4h:bull; COINLEGS(0): alpha=nan, bias=missing, no Coinlegs snapshot columns; COIL(0): score=missing; score=100",89268.98074792822,80.92386137338109,2026-03-25T00:00:00+00:00,4884,-1.0195896548485417,-82.50913188669686,closed,"[{""timestamp"": ""2026-03-25T00:00:00+00:00"", ""price"": 0.01739366342857143, ""fraction"": 1.0, ""r_multiple"": -1.0195896548485417, ""reason"": ""stop""}]",crypto,16,8,london
ANKRUSDT,4h,long,2026-03-21T00:00:00+00:00,4860,0.006061212,0.004704571428571429,0.008770857142857143,0.010804000000000001,0.01283714285714286,100,"long reclaim above 0.00545000; valid pullback; ICT(6): bull_fvg[4855:4857]=0.00486000-0.00488000;bull_ob=0.00452000-0.00462000;ote=0.00513370-0.00546860;sellside_sweep=0.00472000;ny_killzone=False; DIV(0): none/neutral; MTF(8): 15min:bull,1h:bull,4h:bull; COINLEGS(0): alpha=nan, bias=missing, no Coinlegs snapshot columns; COIL(0): score=missing; score=100",59650.185227887254,80.92386137338109,2026-03-26T08:00:00+00:00,4892,-1.0038675323456556,-81.23683702477798,closed,"[{""timestamp"": ""2026-03-26T08:00:00+00:00"", ""price"": 0.004703630514285714, ""fraction"": 1.0, ""r_multiple"": -1.0038675323456556, ""reason"": ""stop""}]",crypto,32,0,asia
MASKUSDT,4h,long,2026-04-05T12:00:00+00:00,4953,0.505101,0.44194285714285714,0.6311142857142857,0.7257,0.8202857142857143,100,"long reclaim above 0.49600000; valid pullback; ICT(8): bull_fvg[4937:4939]=0.44100000-0.44500000;bull_ob=0.40400000-0.41300000;ote=0.44587000-0.45386000;sellside_sweep=0.40300000;ny_killzone=True; DIV(0): none/neutral; MTF(8): 15min:bull,1h:bull,4h:bull; COINLEGS(0): alpha=nan, bias=missing, no Coinlegs snapshot columns; COIL(0): score=missing; score=100",1255.3630948839627,79.28640168426634,2026-04-05T20:00:00+00:00,4955,-1.0073968412895522,-79.87287061394454,closed,"[{""timestamp"": ""2026-04-05T20:00:00+00:00"", ""price"": 0.44185446857142857, ""fraction"": 1.0, ""r_multiple"": -1.0073968412895522, ""reason"": ""stop""}]",crypto,2,12,london
THETAUSDT,4h,long,2026-04-07T20:00:00+00:00,4967,0.1680336,0.15352142857142856,0.19695714285714291,0.2186750000000001,0.24039285714285727,100,"long reclaim above 0.16400000; valid pullback; ICT(6): bull_fvg[4955:4957]=0.15600000-0.15800000;bull_ob=0.14600000-0.15200000;ote=0.15904000-0.16312000;sellside_sweep=0.15300000;ny_killzone=False; DIV(0): none/neutral; MTF(8): 15min:bull,1h:bull,4h:bull; COINLEGS(0): alpha=nan, bias=missing, no Coinlegs snapshot columns; COIL(0): score=missing; score=100",5408.4031024882315,78.48767297812688,2026-04-18T04:00:00+00:00,5029,3.3263468857845453,261.07722658326816,closed,"[{""timestamp"": ""2026-04-16T00:00:00+00:00"", ""price"": 0.19691775142857149, ""fraction"": 0.4, ""r_multiple"": 0.7921122219220915, ""reason"": ""tp1""}, {""timestamp"": ""2026-04-18T00:00:00+00:00"", ""price"": 0.2186312650000001, ""fraction"": 0.3, ""r_multiple"": 1.0427729434346742, ""reason"": ""tp2""}, {""timestamp"": ""2026-04-18T04:00:00+00:00"", ""price"": 0.2403447785714287, ""fraction"": 0.30000000000000004, ""r_multiple"": 1.4914617204277796, ""reason"": ""tp3""}]",crypto,62,20,rollover_other
LDOUSDT,4h,long,2026-03-31T00:00:00+00:00,4920,0.33036605999999996,0.29355642857142855,0.40378714285714284,0.4589025,0.5140178571428571,100,"long reclaim above 0.32590000; valid pullback; ICT(6): bull_fvg[4914:4916]=0.31420000-0.31900000;bull_ob=0.27410000-0.28830000;ote=0.29025100-0.29587800;sellside_sweep=0.28330000;ny_killzone=False; DIV(0): none/neutral; MTF(8): 15min:bull,1h:bull,4h:bull; COINLEGS(0): alpha=nan, bias=missing, no Coinlegs snapshot columns; COIL(0): score=missing; score=100",2153.9580432398657,79.28640168426634,2026-04-27T04:00:00+00:00,5083,2.322047185344972,184.1067658670815,closed,"[{""timestamp"": ""2026-04-16T12:00:00+00:00"", ""price"": 0.4037063854285714, ""fraction"": 0.4, ""r_multiple"": 0.7937780805238014, ""reason"": ""tp1""}, {""timestamp"": ""2026-04-26T16:00:00+00:00"", ""price"": 0.4588107195, ""fraction"": 0.3, ""r_multiple"": 1.0442564933324527, ""reason"": ""tp2""}, {""timestamp"": ""2026-04-27T04:00:00+00:00"", ""price"": 0.390041976, ""fraction"": 0.30000000000000004, ""r_multiple"": 0.48401261148871744, ""reason"": ""stop""}]",crypto,163,0,asia
CHZUSDT,4h,long,2026-04-23T20:00:00+00:00,5063,0.05031006,0.045690714285714286,0.05951857142857142,0.06643249999999999,0.07334642857142856,100,"long reclaim above 0.04906000; valid pullback; ICT(6): bull_fvg[5043:5045]=0.04542000-0.04603000;bull_ob=0.04267000-0.04436000;ote=0.04485030-0.04577340;sellside_sweep=0.04335000;ny_killzone=False; DIV(5): hidden_bullish/neutral; MTF(8): 15min:bull,1h:bull,4h:bull; COINLEGS(0): alpha=nan, bias=missing, no Coinlegs snapshot columns; COIL(0): score=missing; score=100",17556.262349699413,81.09844524395957,2026-04-28T12:00:00+00:00,5091,-1.0102903744933571,-81.93297861634893,closed,"[{""timestamp"": ""2026-04-28T12:00:00+00:00"", ""price"": 0.045681576142857144, ""fraction"": 1.0, ""r_multiple"": -1.0102903744933571, ""reason"": ""stop""}]",crypto,28,20,rollover_other
AXSUSDT,4h,long,2026-04-28T00:00:00+00:00,5088,1.5183036,1.3375000000000001,1.8789999999999998,2.1497499999999996,2.4204999999999997,100,"long reclaim above 1.49600000; valid pullback; ICT(6): bull_fvg[5084:5086]=1.38100000-1.39900000;bull_ob=1.09400000-1.10900000;ote=1.33154000-1.42912000;sellside_sweep=1.11400000;ny_killzone=False; DIV(0): none/neutral; MTF(8): 15min:bull,1h:bull,4h:bull; COINLEGS(0): alpha=nan, bias=missing, no Coinlegs snapshot columns; COIL(0): score=missing; score=100",458.7271099835977,82.93951290263038,2026-05-03T04:00:00+00:00,5119,-1.0077969378928286,-83.58618713359365,closed,"[{""timestamp"": ""2026-05-03T04:00:00+00:00"", ""price"": 1.3372325000000003, ""fraction"": 1.0, ""r_multiple"": -1.0077969378928286, ""reason"": ""stop""}]",crypto,31,0,asia
KSMUSDT,4h,long,2026-05-06T00:00:00+00:00,5136,5.0110019999999995,4.769928571428571,5.490142857142857,5.850249999999999,6.210357142857142,100,"long reclaim above 4.95000000; valid pullback; ICT(6): bull_fvg[5121:5123]=4.78000000-4.84000000;bull_ob=4.72000000-4.78000000;ote=4.79140000-4.84920000;sellside_sweep=4.72000000;ny_killzone=False; DIV(0): none/neutral; MTF(8): 15min:bull,1h:bull,4h:bull; COINLEGS(0): alpha=nan, bias=missing, no Coinlegs snapshot columns; COIL(0): score=missing; score=100",337.1766093294145,81.28432124513095,2026-05-07T12:00:00+00:00,5145,3.3091361881288144,268.98088895975064,closed,"[{""timestamp"": ""2026-05-07T00:00:00+00:00"", ""price"": 5.489044828571428, ""fraction"": 0.4, ""r_multiple"": 0.7862215469335379, ""reason"": ""tp1""}, {""timestamp"": ""2026-05-07T00:00:00+00:00"", ""price"": 5.849079949999999, ""fraction"": 0.3, ""r_multiple"": 1.0375269337984763, ""reason"": ""tp2""}, {""timestamp"": ""2026-05-07T12:00:00+00:00"", ""price"": 6.209115071428571, ""fraction"": 0.30000000000000004, ""r_multiple"": 1.4853877073968005, ""reason"": ""tp3""}]",crypto,9,0,asia
PEOPLEUSDT,4h,long,2026-05-08T00:00:00+00:00,5148,0.008631726000000001,0.008116214285714286,0.00965757142857143,0.010428250000000003,0.011198928571428575,100,"long reclaim above 0.00859000; valid pullback; ICT(6): bull_fvg[5129:5131]=0.00803000-0.00831000;bull_ob=0.00790000-0.00803000;ote=0.00810480-0.00825440;sellside_sweep=0.00789000;ny_killzone=False; DIV(0): none/neutral; MTF(8): 15min:bull,1h:bull,4h:bull; COINLEGS(0): alpha=nan, bias=missing, no Coinlegs snapshot columns; COIL(0): score=missing; score=100",162894.70793322637,83.97413013472845,2026-05-12T08:00:00+00:00,5174,-1.016142736321359,-85.32970237530887,closed,"[{""timestamp"": ""2026-05-12T08:00:00+00:00"", ""price"": 0.008114591042857142, ""fraction"": 1.0, ""r_multiple"": -1.016142736321359, ""reason"": ""stop""}]",crypto,26,0,asia
ARUSDT,4h,long,2026-05-06T00:00:00+00:00,5136,2.520504,2.0502857142857143,3.4594285714285715,4.164,4.868571428571428,100,"long reclaim above 2.28000000; valid pullback; ICT(6): bull_fvg[5133:5135]=2.14000000-2.16000000;bull_ob=2.01000000-2.14000000;ote=2.09830000-2.13740000;sellside_sweep=2.01000000;ny_killzone=False; DIV(0): none/neutral; MTF(8): 15min:bull,1h:bull,4h:bull; COINLEGS(0): alpha=nan, bias=missing, no Coinlegs snapshot columns; COIL(0): score=missing; score=100",172.86507929323915,81.28432124513095,2026-05-17T20:00:00+00:00,5207,-1.0047599361269293,-81.67122942237857,closed,"[{""timestamp"": ""2026-05-17T20:00:00+00:00"", ""price"": 2.049875657142857, ""fraction"": 1.0, ""r_multiple"": -1.0047599361269293, ""reason"": ""stop""}]",crypto,71,0,asia
DYDXUSDT,4h,long,2026-06-26T12:00:00+00:00,5445,0.15522103799999998,0.1343164285714286,0.1969371428571428,0.22824749999999994,0.25955785714285706,100,"long reclaim above 0.15216000; valid pullback; ICT(8): bull_fvg[5428:5430]=0.14523000-0.14728000;bull_ob=0.12600000-0.13793000;ote=0.13208160-0.13700480;sellside_sweep=0.12600000;ny_killzone=True; DIV(0): none/neutral; MTF(8): 15min:bull,1h:bull,4h:bull; COINLEGS(0): alpha=nan, bias=missing, no Coinlegs snapshot columns; COIL(0): score=missing; score=100",3937.1278902854015,82.30412081675159,2026-06-30T20:00:00+00:00,5471,1.179111433400481,97.04572987100634,closed,"[{""timestamp"": ""2026-06-30T20:00:00+00:00"", ""price"": 0.180003992, ""fraction"": 1.0, ""r_multiple"": 1.179111433400481, ""reason"": ""end_of_data""}]",crypto,26,12,london
